id,question,gold_answer,counterfactual_answer,counterfactual_type,replacement_source,quality_tier
5adf4b335542993a75d264a5,Paul DeBoy is known for an appearance in the Western action-adventure game developed by which company?,Rockstar San Diego,Ubisoft Montreal,VIDEO_GAME_COMPANY,strict_type_bank,strict_semantic_type_final
5adbcd475542996e68525240,"In what year did the manager of the singer-songwriter best known for ""American Pie"" die?",2005,2012,NUMERIC,numeric_transform_question_aware,strict_semantic_type_final
5ac34fdb554299741d48a24a,"Which TV series directed and written by the same person as ""Buffy the Vampire Slayer"" starred Tahmoh Penikett?",Dollhouse,Frasier,TV_SHOW,strict_type_bank,strict_semantic_type_final
5a7c17c95542990527d5544d,"A guitar player called Noodles is a longtime member of which band, The Smashing Pumpkins or The Offspring?",The Offspring,The Smashing Pumpkins,BAND,question_explicit_alternative,strict_semantic_type_final
5a7568805542992db9473658,"What aviator participated to the Transatlantic flight organized by the ""heir apparent"" to Italian dictator Benito Mussolini?",Antonio Lippi,Charles Lindbergh,PERSON_AVIATOR,strict_type_bank,strict_semantic_type_final
5a827ce155429940e5e1a8d7,"Which player won more Grand Slam titles, Kevin Ullyett or Billie Jean King?",Billie Jean King,Kevin Ullyett,PERSON_ATHLETE,question_explicit_alternative,strict_semantic_type_final
5ae0d9c555429924de1b719a,"Van Andel Institute was founded in part by what American businessman, who was best known as co-founder of the Amway Corporation?",Jay Van Andel,Henry Ford,PERSON_BUSINESS,strict_type_bank,strict_semantic_type_final
5a773ec45542994aec3b7245," Who was born earlier, Simone Bolelli or Caroline Wozniacki?",Simone Bolelli,Caroline Wozniacki,EXPLICIT_ALTERNATIVE,question_explicit_alternative,strict_semantic_type_final
5a879ba55542993e715abfc3,"Which director had the longest career, Alain Resnais or Scott Sidney?",Scott Sidney,Alain Resnais,PERSON_DIRECTOR,question_explicit_alternative,strict_semantic_type_final
5a7a845755429941d65f2684,"Which film was released more recently, Make Mine Music or Old Dogs?",Old Dogs,Make Mine Music,FILM,question_explicit_alternative,strict_semantic_type_final
5a8ae0ae55429950cd6afbc2,What airline was a monopoly with a hub at Sheremetyevo International Airport?,AeroflotRussian Airlines,Qantas,AIRLINE,strict_type_bank,strict_semantic_type_final
5ac285335542996773102552,When is the birthday of the British-Irish heiress who worked on the Optimist In Black studio album?,9 November 1967,9 November 1974,NUMERIC,numeric_transform_question_aware,strict_semantic_type_final
5a7adaa35542992d025e670c,Which movie was Valeria Golino in that also stared Tom Cruise?,Rain Man,Moonlight,FILM,strict_type_bank,strict_semantic_type_final
5a8d7a8d55429941ae14dfc2,Which company does Timothy Oulton retail his products through that is based in Corte Madera?,Restoration Hardware,Panasonic,COMPANY,strict_type_bank,strict_semantic_type_final
5ab9c292554299131ca423f5,"To which place was this Irish convict portrayed by Oscar Redding in ""Van Diemen's Land"" transported for theft?",Van Diemen's Land,"Oslo, Norway",LOCATION,strict_type_bank,strict_semantic_type_final
5add405f5542992c1e3a2581,What book provided the foundation for Masters and Johnson's research team?,Patterns of Sexual Behavior,The Road,BOOK,strict_type_bank,strict_semantic_type_final
5ae5cf1b554299546bf82f7a,What is the population of the city which  Deryl Dedmon came from ,"21,705 at the 2010 census","23,875 at the 2010 census",NUMERIC,numeric_transform_question_aware,strict_semantic_type_final
5a842f705542996488c2e4fc,Stabat Mater was written by a composer of what nationality?,Polish,Irish,NATIONALITY,strict_type_bank,strict_semantic_type_final
5a8333115542993344745feb,What summit is located in the county who's county seat is Helena?,Scapegoat Mountain,Mount Rainier,MOUNTAIN,strict_type_bank,strict_semantic_type_final
5a8bc29a5542995d1e6f1446,when was Quiet in Heaven/Song of Liberty recorded?,Before settling on their current name in 1982,Before settling on their current name in 1989,NUMERIC,numeric_transform_question_aware,strict_semantic_type_final
5ab82bbb5542990e739ec84c,Which genus has more species Babiana or Ceratophyllum ?,Babiana,Ceratophyllum,EXPLICIT_ALTERNATIVE,question_explicit_alternative,strict_semantic_type_final
5a88bb4a554299206df2b353,"Which formed first, Fireflight or Dirty Three?",Dirty Three,Fireflight,EXPLICIT_ALTERNATIVE,question_explicit_alternative,strict_semantic_type_final
5ab89cc25542991b5579efc3,"Darryl Kubian's ""O for a Muse of Fire"" is based upon the events surrounding which historical battle? ",Battle of Agincourt (1415),Battle of Agincourt (1422),NUMERIC,numeric_transform_question_aware,strict_semantic_type_final
5a90b4fe55429916514e7525,How many films did the star of Tum Milo Toh Sahi appear in? ,110,121,NUMERIC,numeric_transform_question_aware,strict_semantic_type_final
5a78ad26554299148911f913,"Aleksandr Dugin, the father of fascism, came to prominence during which era in Russia?",20th-century,21st-century,NUMERIC,numeric_transform_question_aware,strict_semantic_type_final
5ac240ef55429951e9e684ef,"What year was a joint venture between RLJ Companies and this film studio founded in 2005, founded?",2006,2013,NUMERIC,numeric_transform_question_aware,strict_semantic_type_final
5ab7c6995542993667794005,"Before composing music for the game which contains Chocobos and Moogles, what cover band was he involved in?",Bothtec,Green Day,BAND,strict_type_bank,strict_semantic_type_final
5ab66a3555429954757d3290,2006 KNVB Cup Final had two goals scored by a player of what nationality?,Dutch,Japanese,NATIONALITY,strict_type_bank,strict_semantic_type_final
5abff0785542997d64295957," Heaven starred what Australian actress who portrayed Katharine Hepburn in the 2004 film ""The Aviator?""",Catherine Elise Blanchett,Denzel Washington,PERSON_ACTOR,strict_type_bank,strict_semantic_type_final
5a88a5645542997e5c09a679,"Which was published first, Take It Easy or Personal Preference?",Take It Easy,Personal Preference,EXPLICIT_ALTERNATIVE,question_explicit_alternative,strict_semantic_type_final
5ac2759655429921a00aaf7f,What genre of music did Benjamin Burnley and Yannis Philippakis have in common?,rock,science fiction,GENRE,strict_type_bank,strict_semantic_type_final
5ac132a755429964131be17c,Blackfin is a family of processors developed by the company that is headquartered in what city?,"Norwood, Massachusetts",Vienna,CITY,strict_type_bank,strict_semantic_type_final
5a7dedb55542995f4f402317,"In what year was the Moldavian, later Romanian writer, known for his work ""The Goat and Her Three Kids"" born?",1837,1844,NUMERIC,numeric_transform_question_aware,strict_semantic_type_final
5ae26c795542992decbdccfb,What footballer beat out a German professional footballer despite his 18 clean sheets?,Kurányi,Mia Hamm,PERSON_ATHLETE,strict_type_bank,strict_semantic_type_final
5ac312ee5542995ef918c0ec,Hatyapuri was a novel by the filmmaker of what nationality?,Indian,Brazilian,NATIONALITY,strict_type_bank,strict_semantic_type_final
5abcc818554299658360048b,In which event did Tyson Gay and Rodney Martin both represent the United States at the 2008 Beijing Olympics?,4 x 100 metre relay,5 x 100 metre relay,NUMERIC,numeric_transform_question_aware,strict_semantic_type_final
5a7770f855429966f1a36d4e,Which Indian cricketer was the penultimate holder of the title Nawab of Pataudi?,Iftikhar Ali Khan,Serena Williams,PERSON_ATHLETE,strict_type_bank,strict_semantic_type_final
5ac00584554299012d1db575,What date was the person born that Samuel Flores Borrego was the right hand man of? ,1 August 1971,1 August 1978,NUMERIC,numeric_transform_question_aware,strict_semantic_type_final
5ab7ff1d5542990e739ec7b9,"Which American rock band is from Chapel Hill, North Carolina - Polvo or The Black Keys?",Polvo,The Black Keys,BAND,question_explicit_alternative,strict_semantic_type_final
5ae738f75542991bbc9761c4,What year was the brother of this first round draft pick by the Washington Redskins drafted?,2003,2010,NUMERIC,numeric_transform_question_aware,strict_semantic_type_final
5ab6f7415542991d322236f4,Sadok Sassi played for a national team that made its first World Cup in what year?,1978,1985,NUMERIC,numeric_transform_question_aware,strict_semantic_type_final
5ac2782d55429963665199cc,Aleksandras Stulginskis' successor held office between what dates?,7 June 1926 to 17 December 1926,7 June 1926 to 17 December 1933,NUMERIC,numeric_transform_question_aware,strict_semantic_type_final
5ae5ff635542996de7b71ace,Chuck Berry House was where the 1957 hit single that reached what ranking on the R&B singles chart was composed?,number 8,number 9,NUMERIC,numeric_transform_question_aware,strict_semantic_type_final
5ae5c212554299546bf82f4b,The Clavivox was invented by an American composer who was born Harry Warnow in what year?,1908,1915,NUMERIC,numeric_transform_question_aware,strict_semantic_type_final
5ae72b96554299572ea5474e,"Risingson is the first single from what album by Massive Attack, that was the first to be produced by Neil Davidge, along with the group?",Mezzanine,Abbey Road,ALBUM,strict_type_bank,strict_semantic_type_final
5ae4cb2f55429960a22e01e8,Which American popular music and country music singer recorded J. D. Souther song ,Linda Maria Ronstadt,Annie Lennox,PERSON_MUSICIAN,strict_type_bank,strict_semantic_type_final
5a7a77425542995eb53be83e,"Who has released more solo albums, Nick Carter or Brady Seals?",Brady Seals,Nick Carter,EXPLICIT_ALTERNATIVE,question_explicit_alternative,strict_semantic_type_final
5ab6a2be554299710c8d1f08,The movies Queen of Blood and Battle Beyond the Sun both contained scenes from what 1959 Soviet feature?,Nebo Zovyot,Moonlight,FILM,strict_type_bank,strict_semantic_type_final
5ade56ed5542997c77adee04,"Gérald Genta, a Swiss jewelllery designer, worked with what luxury Swiss watch manufacturer which was founded by American Watch,aker Florentine Ariosts Jones?",International Watch Co.,Sony Corporation,COMPANY,strict_type_bank,strict_semantic_type_final
5ab5cdb85542997d4ad1f1e0,"""Take Me"" is a song recorded by which American singer, actor, and producer who was one of the most popular and influential musical artists of the 20th century?",Frank Sinatra,Annie Lennox,PERSON_MUSICIAN,strict_type_bank,strict_semantic_type_final
5a886211554299206df2b24a,Were the films Tonka and 101 Dalmatians released in the same decade?,1958 Walt Disney Western adventure film,1965 Walt Disney Western adventure film,NUMERIC,numeric_transform_question_aware,strict_semantic_type_final
5a78ed6855429970f5fffdd9,What is the population of the town that gets it's water supply from Canobie Lake?,"28,776 at the 2010 census","31,654 at the 2010 census",NUMERIC,numeric_transform_question_aware,strict_semantic_type_final
5ac1846d55429964131be20b,In which city were the olympic games held in which Willi Meurer competed in the individual and team road race events?,"Berlin, Germany",Lisbon,CITY,strict_type_bank,strict_semantic_type_final
5ac313a0554299741d48a1b0,How many employees does the company that unveiled a deal to acquire IGATE have? ,"190,000 employees","209,000 employees",NUMERIC,numeric_transform_question_aware,strict_semantic_type_final
5ae7620f5542997ec2727627,FC Barcelona ambassador Ronaldinho won what French award in addition to FIFA World Player of the Year?,Ballon d'Or,Golden Globe Award,AWARD,strict_type_bank,strict_semantic_type_final
5ae1443855429920d5234362,Alexander Petrovich Nikolayev received the title Hero of the Soviet Union and the Order of Lenin for his actions during the   the final major offensive of the European theatre of what war?,World War II,Crimean War,WAR,strict_type_bank,strict_semantic_type_final
5ab85f555542992aa3b8c8ca," ""Hold On"" is a song that features the vocals of a British singer whose debut album won what prize in 2017?",Mercury Prize,Grammy Award,AWARD,strict_type_bank,strict_semantic_type_final
5adf3a4f5542992d7e9f92ec,"Which musician is from Europe, King Diamond or Bob Marley?",King Diamond,Bob Marley,PERSON_MUSICIAN,question_explicit_alternative,strict_semantic_type_final
5ae789615542997ec2727695,Kam Heskin plays Paige Morgan in a 2004 film directed by who?,Martha Coolidge,Greta Gerwig,PERSON_DIRECTOR,strict_type_bank,strict_semantic_type_final
5ae56c875542990ba0bbb2a2,"How many albums does the duo who sang ""Yesterday Once More"" have? ",11 albums,12 albums,NUMERIC,numeric_transform_question_aware,strict_semantic_type_final
5ab2d3c5554299295394687a,"Isaac Live Schreiber, better known as Live Schrieber, acted in Salt, a 2010 American action thriller film directed by whom?",Phillip Noyce,Steven Spielberg,PERSON_DIRECTOR,strict_type_bank,strict_semantic_type_final
5ae4c01e55429913cc2044f3,Which Captain launched the attack which led to more casualties than any other incident in the war fought between the settlers of the nascent colony of New Netherland and the native Lenape population?,Captain John Underhill,Dwight D. Eisenhower,PERSON_MILITARY,strict_type_bank,strict_semantic_type_final
5ac2d85e55429921a00ab06b,Where did the hijacked plane rammed by Heather Penney crash? ,Pennsylvania,"Boston, Massachusetts",LOCATION,strict_type_bank,strict_semantic_type_final
5a85ee635542994775f606b4,"Which lake is located further south, Dal Lake or Waterton Lake?",Dal Lake,Waterton Lake,LAKE,question_explicit_alternative,strict_semantic_type_final
5ab29cef554299449642c936,In which year was the University where Joost Alois Businger is an emeritus professor established ?,1861,1868,NUMERIC,numeric_transform_question_aware,strict_semantic_type_final
5a7b9a8a554299042af8f78d,"What Taylor swift song released December 7, 2008 was written by the same writer as ""You Belong to Me""?",White Horse,Jolene,SONG,strict_type_bank,strict_semantic_type_final
5a83e98e5542992ef85e2387,"What ethnicity is this American professional baseball right fielder born in 1987 play, who graduated from Nova Southeastern University?",Cuban,Irish,NATIONALITY,strict_type_bank,strict_semantic_type_final
5ae40a2955429970de88d8a3,In what Italian region was the House of Grimaldi?,Liguria,Tuscany,REGION,strict_type_bank,strict_semantic_type_final
5a7243915542990c210a4086,"Where is the University of North Carolina at Wilmington, population 112,067 located?","Wilmington, North Carolina","Boston, Massachusetts",LOCATION,strict_type_bank,strict_semantic_type_final
5abe535055429976d4830aea,Where is the transportation company that owns Talbot based in?,Montreal,"Toronto, Ontario",LOCATION,strict_type_bank,strict_semantic_type_final
5a8739a05542994775f607ab,What is the birthplace of the Senator who represents the first of 62 districts in the State Senate?,"Brooklyn, New York","Oslo, Norway",LOCATION,strict_type_bank,strict_semantic_type_final
5abb326055429966062416e7,Ruddles Brewery is owned by a pub retailer and brewer based in what city?,Bury St Edmunds,Seattle,CITY,strict_type_bank,strict_semantic_type_final
5ac3f18d554299204fd21ed3,"The song ""Metal"" by Gary Numan was the B-side of a single that reached what ranking inthe UK charts?",number 1,number 2,NUMERIC,numeric_transform_question_aware,strict_semantic_type_final
5ae63b2255429908198fa526,"What is the date played of this college football game at Sun Life Stadium in Miami Gardens, Florida, where Clemson defeated the No. 4 Oklahoma Sooners, 37-17?","December 31, 2015",December 34 2015,NUMERIC,numeric_transform_question_aware,strict_semantic_type_final
5ae038e955429942ec259c4d,"When was the Russian composer who composed ""Prisoner of the Caucasus"" born? ",[O.S. 6 January] 1835,[O.S. 6 January] 1842,NUMERIC,numeric_transform_question_aware,strict_semantic_type_final
5a8c2adc554299240d9c20a9,Wade Watts is the uncle of a politican who played college footbal for which team ?,the Oklahoma Sooners,Ohio State Buckeyes,COLLEGE_FOOTBALL_TEAM,strict_type_bank,strict_semantic_type_final
5ae73c00554299572ea5478a,"The Runge-Kutta methods were developed by M.W. Kutta and a German mathematician, physicist, and Spectroscopist that was born in what year?",1856,1863,NUMERIC,numeric_transform_question_aware,strict_semantic_type_final
5a7730015542994aec3b7210,"Which TV series, written by the creators of Robocalypse, is set in Bikini Bottom?",SpongeBob SquarePants,Mad Men,TV_SHOW,strict_type_bank,strict_semantic_type_final
5a7a6ee75542996c55b2ddac,"Who was born first, Krzysztof Zanussi or Thom Andersen?",Krzysztof Zanussi,Thom Andersen,EXPLICIT_ALTERNATIVE,question_explicit_alternative,strict_semantic_type_final
5a85f4425542994775f606c4,"What movie genre does both ""The Trials of Life"" and ""Human"" belong to?",documentary,thriller,GENRE,strict_type_bank,strict_semantic_type_final
5a7cb8bc554299452d57b9be,What is the capacity of the stadium that is the home ground of the Lahore Eagles?,"27,000","29,700",NUMERIC,numeric_transform_question_aware,strict_semantic_type_final
5a8d263f554299653c1aa139,what year did the band that sang Gives You Hell form?,1999,2006,NUMERIC,numeric_transform_question_aware,strict_semantic_type_final
5ab52cb2554299637185c4f1,In what city did Nancy Winstel coach women's collegiate basketball?,Highland Heights,Lisbon,CITY,strict_type_bank,strict_semantic_type_final
5a7a69365542996c55b2dd9b,Which film was Shannyn Sossamon in that was directed by Michael Lehmann?,40 Days and 40 Nights,44 Days and 40 Nights,NUMERIC,numeric_transform_question_aware,strict_semantic_type_final
5a7b8cc7554299294a54a9ea,"Mr. Wilson's Cabinet of Wonder: Pronged Ants, Horned Humans, Mice on Toast, and Other Marvels of Jurassic Technology is a book about a museum that is located in which city ?",Los Angeles,Toronto,CITY,strict_type_bank,strict_semantic_type_final
5adf74255542992d7e9f937d,At which level of French football does the football team named after the manager of France national team play?,Championnat National 3,Championnat National 4,NUMERIC,numeric_transform_question_aware,strict_semantic_type_final
5ab29956554299194fa9342d,The 1989 Batman film was produced by Jon Peters and a man that is the CEO of what company?,Mandalay Entertainment,IBM,COMPANY,strict_type_bank,strict_semantic_type_final
5a89ec7b5542992e4fca8483,"A Car-Tune Portrait was released on June 26, 1937, the cartoon gives an imaginative take on which second in a set of works by composer Franz Liszt?",Hungarian Rhapsody No. 2,Hungarian Rhapsody No. 3,NUMERIC,numeric_transform_question_aware,strict_semantic_type_final
5a8f73455542997ba9cb3269,At which public research university founded in 1881 Ralph Fielding served as the head football coach?,University of Texas at Austin,University of Sydney,UNIVERSITY,strict_type_bank,strict_semantic_type_final
5a903b7255429933b8a204ae,What Canadian filmmaker created a film about Bettie Page in 2005?,"Mary Harron (born January 12, 1953)",Mary Harron (born January 13 1953),NUMERIC,numeric_transform_question_aware,strict_semantic_type_final
5a79332555429907847277e7,"Who died first, Bryce Courtenay or Juan Carlos Onetti?",Juan Carlos Onetti,Bryce Courtenay,EXPLICIT_ALTERNATIVE,question_explicit_alternative,strict_semantic_type_final
5add1d435542990d50227de8,"Where is the company, which designed the Glomar Challenger, based?","Vernier, Switzerland","Boston, Massachusetts",LOCATION,strict_type_bank,strict_semantic_type_final
5abd64cb55429933744ab7ad,Nevada's second busiest commercial airport was named after which career United States Army officer?,Jesse L. Reno,Georgy Zhukov,PERSON_MILITARY,strict_type_bank,strict_semantic_type_final
5ae608715542992663a4f244,Which artist has worked with King Crimson and also released a solo album in 2011?,Steven Wilson,Angela Merkel,PERSON_POLITICIAN,strict_type_bank,strict_semantic_type_final
5a8c2bb4554299240d9c20ac,What university in India hosts a literary festival which has had as a previous invitee the former Union Minister of Panchayati Raj?,Central University of India,University of Sydney,UNIVERSITY,strict_type_bank,strict_semantic_type_final
5a88fa1c5542995153361219,Barry Murphy earned 1 cap under a footballer who was part of England's winning World Cup team in what year?,1966,1973,NUMERIC,numeric_transform_question_aware,strict_semantic_type_final
5ac1b3a75542994ab5c67dd2,"In what year was the company founded whose Manhattan branch was the site for the recording of the live album, Park Avenue South, by Dave Brubeck and his quartet? ",1971,1978,NUMERIC,numeric_transform_question_aware,strict_semantic_type_final
5ae834e95542997ec272776a,What song written by Jimmy Webb inspired the name of a supergroup including Johnny Cash?,Highwayman,Hallelujah,SONG,strict_type_bank,strict_semantic_type_final
5adf1b8a5542995534e8c750,What band did Gator Country guitarist that co-wrote Bloody Reunion come from?,Molly Hatchet,Green Day,BAND,strict_type_bank,strict_semantic_type_final
5ae7909f5542994a481bbda6,Which of the teams for which Colin Kolles is the former team principal and managing director was sold and renamed Force India at the end of the 2007?,Spyker F1,Spyker F2,NUMERIC,numeric_transform_question_aware,strict_semantic_type_final
5a7b1023554299042af8f6c2," Which movie did Disney produce first,  The Many Adventures of Winnie the Pooh or Ride a Wild Pony?",Ride a Wild Pony,Casablanca,FILM,strict_type_bank,strict_semantic_type_final
5ab1d983554299340b52540a,"The attraction at universal studios that was based on ""The Tonight Show"" replaced an attraction that replaced an attraction based on what movie?",Ghostbusters Spooktacular,Moonlight,FILM,strict_type_bank,strict_semantic_type_final
5ae0593855429945ae959333,Matthew Wright was selected with pick #33 in the AFL draft that took place during what date in 2009?,26 November,29 November,NUMERIC,numeric_transform_question_aware,strict_semantic_type_final
5a8a6a2155429930ff3c0dd0,"Which tennis player is from a country closer to Canada, Ken Flach or Lucie Šafářová?",Kenneth Eliot Flach,Serena Williams,PERSON_ATHLETE,strict_type_bank,strict_semantic_type_final
5ae7eaf65542994a481bbe1d,When was the  former Indian cricketer who made his ODI debuts during the 2000 ICC KnockOut Trophy born? ,7 October 1978,7 October 1985,NUMERIC,numeric_transform_question_aware,strict_semantic_type_final
5adf3e355542993a75d26440,"How long is the bridge in the Öresund Region that connect Copenhagen, Denmark and Malmo, Sweden?",8 km,9 km,NUMERIC,numeric_transform_question_aware,strict_semantic_type_final
5ab3c470554299233954ffa1,"Billy King was an Australian rules footballer who participated in a game that was contested between the South Melbourne Football Club and Carlton Football Club, and was held at what location in Melbourne in 1945?",Princes Park,"Boston, Massachusetts",LOCATION,strict_type_bank,strict_semantic_type_final
5a8911ad554299515336129c,"Nuestra Belleza México 2010 was crowned by the winner of what other 2010 pageant, the winner of which was crowned on 23 August 2010?",Miss Universe 2010,Miss Universe 2017,NUMERIC,numeric_transform_question_aware,strict_semantic_type_final
5a73073d55429901807daf69,Which Football Club is based in the capital of Lesotho?,Lerotholi Polytechnic Football Club,Arsenal F.C.,FOOTBALL_CLUB,strict_type_bank,strict_semantic_type_final
5ab8524f5542990e739ec8c4,"William Hodges visited a polar region as part of a voyage, the region is how big?",14 million km,15 million km,NUMERIC,numeric_transform_question_aware,strict_semantic_type_final
5a7ce50f55429909bec76869,"In what year did the Danish plant ecologist who assisted a Danish chemist, famous for the introduction of the concept of pH die?",1974,1981,NUMERIC,numeric_transform_question_aware,strict_semantic_type_final
5ac0641f554299294b218fbe,Immanuel Lutheran School is affiliated with the denomination that has how many members?,2.1 million,3.1 million,NUMERIC,numeric_transform_question_aware,strict_semantic_type_final
5a846da0554299334474611e,"Which bird-themed team did the baseball player, who frequented the Red Cedar Inn and was also known as Dizzy Dean, play for?",St. Louis Cardinals,New York Yankees,BASEBALL_TEAM,strict_type_bank,strict_semantic_type_final
5a7560585542992d0ec05f76,Arbie Orenstein is known as a scholar on the life of what composer internationally regarded as France's greatest living composer? ,Maurice Ravel,Prince,PERSON_MUSICIAN,strict_type_bank,strict_semantic_type_final
5a80b322554299485f5986c8,"The twenty-first season of South Park was entitled ""White People Renovating Houses"" is which episode of the series overall?",278th episode,279th episode,NUMERIC,numeric_transform_question_aware,strict_semantic_type_final
5a8f4c8d554299458435d5a3,Scott Parkin has been a vocal critic of Exxonmobil and another corporation that has operations in how many countries ?,more than 70 countries,more than 77 countries,NUMERIC,numeric_transform_question_aware,strict_semantic_type_final
5ab2999a554299194fa9342f,Huell Howser provided the voice of Backson in Disney's what numbered animated film?,51st Disney animated feature film.,52nd Disney animated feature film.,NUMERIC,numeric_transform_question_aware,strict_semantic_type_final
5a769b0d5542993569682c50,"Which documentary film was created first, The End of Suburbia or Super High Me?",The End of Suburbia,Super High Me,EXPLICIT_ALTERNATIVE,question_explicit_alternative,strict_semantic_type_final
5ae4a75a55429913cc2044bc,"Which opera has more acts, Louise or Le roi malgré lui?",Louise,Le roi malgré lui,EXPLICIT_ALTERNATIVE,question_explicit_alternative,strict_semantic_type_final
5aba77be55429955dce3ee44,How many degrees and minutes south of the equator are the bone fragments of the extinct Ascension night heron found?,7°56',8°56',NUMERIC,numeric_transform_question_aware,strict_semantic_type_final
5add1d575542992c1e3a2540,What nationality was Oliver Reed's character in the film Royal Flash?,Prussian,Japanese,NATIONALITY,strict_type_bank,strict_semantic_type_final
5a88a4e65542997e5c09a671,The boxer that defeated Oliver Lavigilante in the 2012 Summer Olympics is of what nationality?,a Ghanaian boxer,Swedish,NATIONALITY,strict_type_bank,strict_semantic_type_final
5a73024f5542991f9a20c5fc,what year was the cover artist of Multiverse: Exploring Poul Anderson's Worlds born ?,"September 13, 1960","September 13, 1967",NUMERIC,numeric_transform_question_aware,strict_semantic_type_final
5ac2cb09554299657fa29066,What team did Travis Cortez Mays play on which currently compete in the Big 12 Conference.?,Texas Longhorns men's basketball team,Boston Celtics,BASKETBALL_TEAM,strict_type_bank,strict_semantic_type_final
5a7ef49a5542994959419a91,When was the eighth season renewed for the series starring Al Harrington?,"March 23, 2017","March 23, 2024",NUMERIC,numeric_transform_question_aware,strict_semantic_type_final
5ae0d85d5542990adbacf67e,Which district includes the island in New York City's East River which Pete Grannis represented in the New York State Assembly?,represented District 65,represented District 71,NUMERIC,numeric_transform_question_aware,strict_semantic_type_final
5ae16ea85542990adbacf790,When did the UVF Mid-Ulster Brigade conducted the attack The Miami Showband killings?,31 July 1975,31 July 1982,NUMERIC,numeric_transform_question_aware,strict_semantic_type_final
5ae526c455429908b6326529,Where is the headquarters for the service broadcaster the show Tenko is on?,Broadcasting House in London,"Toronto, Ontario",LOCATION,strict_type_bank,strict_semantic_type_final
5a769b115542993569682c51,What American bluegrass singer performed the song Restless with The New Nashville Cats?,Mark O'Connor,Annie Lennox,PERSON_MUSICIAN,strict_type_bank,strict_semantic_type_final
5abbe4c0554299642a094bc0,Rolls-Royce Welland's name is taken from this river that is low long,65 mi,71 mi,NUMERIC,numeric_transform_question_aware,strict_semantic_type_final
5ae01fcf554299025d62a411,What type of students attend the school adjacent to Pilgram Hospital?,girls aged 11 to 18,girls aged 12 to 18,NUMERIC,numeric_transform_question_aware,strict_semantic_type_final
5add7ce55542992ae4cec585,"When was the Swiss author and dramatist died who's novel is ""A Dangerous Game""?",14 December 1990,14 December 1997,NUMERIC,numeric_transform_question_aware,strict_semantic_type_final
5a70ff335542994082a3e49c,"Which Indian actress who earned filmfare award for Best female debut in ""Refugee"" acted in K3G movie?",Kareena Kapoor Khan,Gary Oldman,PERSON_ACTOR,strict_type_bank,strict_semantic_type_final
5a8341c255429954d2e2ec6e,Thehickey  team that won the 1997 Calder Cup playoffs is based in what city?,"Hershey, Pennsylvania",Melbourne,CITY,strict_type_bank,strict_semantic_type_final
5a7b2144554299042af8f6f7,What town's geographic feature is the battle James Swan was twice wounded at named for?,"Charlestown, Massachusetts",Vienna,CITY,strict_type_bank,strict_semantic_type_final
5a773c5c55429966f1a36cbb,What Deepdale area football club did Andy Pilling play for?,Preston North End,FC Barcelona,FOOTBALL_CLUB,strict_type_bank,strict_semantic_type_final
5a773c7755429972597f14b5,"O'Halloran Hill in South Australia has a suburb of what town, with a population of over 12000 people?",Hallett Cove,Vienna,CITY,strict_type_bank,strict_semantic_type_final
5a73630655429901807db020,"Who was born first, Antonin Artaud or  Elizabeth Taylor?",Antonin Artaud,Elizabeth Taylor,EXPLICIT_ALTERNATIVE,question_explicit_alternative,strict_semantic_type_final
5ae01b8855429925eb1afc14,"When was the German actress born who is best known for her role as the Borg Seven of Nine and who has role in  ""Body of Proof"" as Dr. Kate Murphy?","February 22, 1968","February 22, 1975",NUMERIC,numeric_transform_question_aware,strict_semantic_type_final
5a75642c5542996c70cfaeed,Where is the investment firm that acquired TI Automotive in 2015 headquartered?,"Boston, Massachusetts","Toronto, Ontario",LOCATION,strict_type_bank,strict_semantic_type_final
5adbda2755429944faac2385,Which American writer wrote both The Ganymede Takeover (1967) and The Man in the High Castle (1962)?,Philip K. Dick,Virginia Woolf,PERSON_WRITER,strict_type_bank,strict_semantic_type_final
5ab4789e5542990594ba9c29,"Q: What 1965-born field director directed the 2002 Indian comedy horror film ""Makdee"" (""Spider"", in English)?",Vishal Bhardwaj,Steven Spielberg,PERSON_DIRECTOR,strict_type_bank,strict_semantic_type_final
5ae26c435542994d89d5b420,Cagliostro-Walzer op.370 was composed by a man born in what year?,1825,1832,NUMERIC,numeric_transform_question_aware,strict_semantic_type_final
5a77c1d95542995d831812a6,The Bee Cliff in northeast Tennessee overlooks a river that is how many miles long?,78.5 mi long,86.5 mi long,NUMERIC,numeric_transform_question_aware,strict_semantic_type_final
5a771d6155429966f1a36c6d,What lieutenant general stayed in the Elliott-Donaldson House?,Nathan Bedford Forrest,Bernard Montgomery,PERSON_MILITARY,strict_type_bank,strict_semantic_type_final
5ae12f105542997b2ef7d11e,Love Thy Neighbor starred an AMerican actor who was best known for his role as Jack Tripper on what sitcom?,Three's Company,Mad Men,TV_SHOW,strict_type_bank,strict_semantic_type_final
5adec62a55429975fa854f89,"The song that came out ahead of The Wanted's ""Lightning"" on the UK Singles Chart was featured on which album?","""Talk That Talk""",Rumours,ALBUM,strict_type_bank,strict_semantic_type_final
5a7571135542992d0ec05f98,Ralph Hefferline was a psychology professor at a university that is located in what city?,New York City,Seattle,CITY,strict_type_bank,strict_semantic_type_final
5ab2a308554299340b52553b,What is the nationality of the author of Fifty Shades Freed?,English,Toni Morrison,PERSON_WRITER,strict_type_bank,strict_semantic_type_final
5a75d45f5542994ccc918630,"Which refers to more breeds, Stabyhoun or Griffon Bruxellois?",Griffon Bruxellois,Stabyhoun,EXPLICIT_ALTERNATIVE,question_explicit_alternative,strict_semantic_type_final
5ab28019554299722f9b4d51,What amount was the settlement that the character from the Son of al Quada got in 2017?,$10.5 million,$11.5 million,NUMERIC,numeric_transform_question_aware,strict_semantic_type_final
5a87954f5542996e4f308856,"Which genus has more species, Bactris and Epigaea?",Bactris,Epigaea,EXPLICIT_ALTERNATIVE,question_explicit_alternative,strict_semantic_type_final
5a74ae6a55429916b01641c9,What famous composer leveraged microtonal music and unconventional methods of musicianship to create his contemporary reknown?,Ben Johnston,Prince,PERSON_MUSICIAN,strict_type_bank,strict_semantic_type_final
5ae083e855429924de1b70fb,"By how many points did Dion Lewis' team trail by, in the third quarter, of the Super Bowl that they won ? ",25 points,27 points,NUMERIC,numeric_transform_question_aware,strict_semantic_type_final
5ae7eb43554299540e5a5695,"What Congressional district featured Republican nomiee Willie Vaden in 2004, 2006, and 2008?",Texas's 27th congressional district,Texas's 28th congressional district,NUMERIC,numeric_transform_question_aware,strict_semantic_type_final
5adf73a45542992d7e9f9378,Philip Despencer's brother was a favorite of which king who was deposed in January of 1327?,King Edward II,Angela Merkel,PERSON_POLITICIAN,strict_type_bank,strict_semantic_type_final
5a845b2d5542996488c2e520,Back Up n da Chevy was an album by the rap group from what city?,"Atlanta, Georgia",Oslo,CITY,strict_type_bank,strict_semantic_type_final
5ab527205542996a3a96a03d,"On what album is Samuel ""Sam"" Ervin Beam's cover of ""Such Great Heights"" featured?","""Give Up""",Rumours,ALBUM,strict_type_bank,strict_semantic_type_final
5ae5caff554299546bf82f69,The Russian route M9 forms a part of what European route that has a length of about 5320 km?,European route E 22,European route E 24,NUMERIC,numeric_transform_question_aware,strict_semantic_type_final
5ae37e525542992e3233c42d,When did the the Antonine who was known as the third of the five good emperors live?,24 January 76 – 10 July 138,26 January 76 – 10 July 138,NUMERIC,numeric_transform_question_aware,strict_semantic_type_final
5ac13d5c5542996f0d89cc78,"Macaulay Carson Culkin was regarded as the most successful child actor since which actress, who was Hollywood's number one box-office draw as a child actress from 1935 to 1938?",Shirley Temple Black,Meryl Streep,PERSON_ACTOR,strict_type_bank,strict_semantic_type_final
5ae796af554299540e5a5623,"Where was the capital of the Arab country, in which the Aulacodes peribocalis moth is found, relocated to?  ",Aden,"Toronto, Ontario",LOCATION,strict_type_bank,strict_semantic_type_final
5ae2a9c6554299492dc91c42,Which New Jersey-based manufacturer of suitcases and bags for travel is located in the Shops at Columbus Circle in New York City?,"Tumi Holdings, Inc.",Unilever,COMPANY,strict_type_bank,strict_semantic_type_final
5ac0e064554299012d1db64e,the municipality of Mirditë is in a country that had how many inhabitants in 2016 ?,almost 3 million,almost 4 million,NUMERIC,numeric_transform_question_aware,strict_semantic_type_final
5adffd4755429906c02daa9b,"The actress that plays Charity in the drama series ""Greenleaf"" is a member of a musical family from what city and state?","Detroit, Michigan",Oslo,CITY,strict_type_bank,strict_semantic_type_final
5a7199725542994082a3e88f,"Which publication still relies on paper printing, Human Events or Texas Highways? ",Texas Highways,Human Events,EXPLICIT_ALTERNATIVE,question_explicit_alternative,strict_semantic_type_final
5ab56f3e5542992aa134a317,"Which genus of flowering plant is found in an environment further south, Crocosmia or Cimicifuga?",Crocosmia,Cimicifuga,EXPLICIT_ALTERNATIVE,question_explicit_alternative,strict_semantic_type_final
5ab278745542997061209617,"What guitarist played with both Device and the American industrial rock group whose debut album was named ""Short Bus""?",Geno Lenardo,David Bowie,PERSON_MUSICIAN,strict_type_bank,strict_semantic_type_final
5a86265f55429960ec39b625,Where does the region where Jews supported by Kolel Chibas Jerusalem are from get its name?,the medieval city of Halych,"Boston, Massachusetts",LOCATION,strict_type_bank,strict_semantic_type_final
5adccdab5542994d58a2f6db,"What year was the album featuring the trio made up of Posdnuos, Dave, and Maseo, alongside Lebanese-Syrian rapper Eslam Jawaad release?",2009,2016,NUMERIC,numeric_transform_question_aware,strict_semantic_type_final
5a74872655429979e2882978,"What singer song writer born on December 13, 1989 wears jewelry from Porter Lyons?",Taylor Swift,Annie Lennox,PERSON_MUSICIAN,strict_type_bank,strict_semantic_type_final
5a862974554299211dda2a95,"Who is older, Jed Hoyer or John William Henry II?",John William Henry II,Jed Hoyer,EXPLICIT_ALTERNATIVE,question_explicit_alternative,strict_semantic_type_final
5a8740ee5542994846c1cd35,Which KaBoom! Entertainment Inc. film is based on a story by Rudyard Kipling?,The Jungle Book (1894),The Jungle Book (1901),NUMERIC,numeric_transform_question_aware,strict_semantic_type_final
5adcf3e35542994ed6169c3a,Dean Mills Reservoir is on the slopes of the hill located in what town?,Rivington Moor,Lisbon,CITY,strict_type_bank,strict_semantic_type_final
5ade895955429975fa854ef5,In what year did the conference in which the 2005 Air Force Falcons participated begin operations?,1999,2006,NUMERIC,numeric_transform_question_aware,strict_semantic_type_final
5ab90db455429916710eb0f2,"Alex Jesaulenko, former Australian rules footballer and coach won the award The Goal of the Year. In what year did he win that award?",2001,2008,NUMERIC,numeric_transform_question_aware,strict_semantic_type_final
5a7dc7735542990b8f503a93,Born 2 B.R.E.E.D. was co-written by the late singer-songwriter who has sold over how many records worldwide?,100 million,110 million,NUMERIC,numeric_transform_question_aware,strict_semantic_type_final
5ac3adc35542995ef918c1e2,"Which is in the pop genre, Capital Cities or Tweaker?",Capital Cities,Tweaker,EXPLICIT_ALTERNATIVE,question_explicit_alternative,strict_semantic_type_final
5ab959905542996be2020497,"Pontiac marketed the 2+2 as the ""big brother"" to an automobile built by Pontiac between which years ?",1964 to 1974,1964 to 1981,NUMERIC,numeric_transform_question_aware,strict_semantic_type_final
5add74b75542992200553b24,"Brindisi, the city where Louis-Jean-Nicolas Lejoille died, is located in what country?",Italy,Portugal,COUNTRY,strict_type_bank,strict_semantic_type_final
5ab97a315542996be2020517,Which actor that has performed as Inspector Javert in a Les Misérables production Has won the Laurence Olivier Award for Best Actor in a musical three times?,Philip Quast,Denzel Washington,PERSON_ACTOR,strict_type_bank,strict_semantic_type_final
5ac3d7f8554299076e296cb0,The Feminine Touch is a drama film starring which English actress?,Delphi Lawrence,Gary Oldman,PERSON_ACTOR,strict_type_bank,strict_semantic_type_final
5a7a2ec35542990783324eae,Where is the animation studio that produced Mary and the Witch's Flower based in?,Tokyo,"Oslo, Norway",LOCATION,strict_type_bank,strict_semantic_type_final
5ab3357d554299166977419d,In which city is the parent company of Sterlite Industries headquartered?,London,Toronto,CITY,strict_type_bank,strict_semantic_type_final
5ae2c2c05542996483e64a4a,How many member universities are there in this conference of which the Connecticut Huskies baseball team is a competing member?,12 member universities,13 member universities,NUMERIC,numeric_transform_question_aware,strict_semantic_type_final
5a76641e5542992d0ec060d8,What American actress who died in 2011 starred in Fear Stalk?,Sada Thompson,Denzel Washington,PERSON_ACTOR,strict_type_bank,strict_semantic_type_final
5a88d7fc5542993b751ca879,Futbolita has interviewed what Spanish Professional footballer who plays as a striker for New York City FC?,David Villa,Roger Federer,PERSON_ATHLETE,strict_type_bank,strict_semantic_type_final
5ab53ad6554299488d4d9917,"The Ameican Jazz saxophonist nicked named the ""Hawk"", once played with what musician who died in 2009 and once played with Johnny Carson during Carson's residency?",Shep Meyers,Annie Lennox,PERSON_MUSICIAN,strict_type_bank,strict_semantic_type_final
5a8af11a55429950cd6afc21,The Hoch Conservatory had the teacher on-staff who was the first to publicly perform any work by which composer?,Brahms,David Bowie,PERSON_MUSICIAN,strict_type_bank,strict_semantic_type_final
5ae72ca35542991e8301cb92,"Kacha, Sevastopol is a settlement that is part of a sovereign state bordered on the northwest by which country?",Belarus,Canada,COUNTRY,strict_type_bank,strict_semantic_type_final
5a79b7f6554299029c4b5f6f,How many restaurants comprise the quick service restaurant chain that Ron Joyce helped found?,"4,613","5,074",NUMERIC,numeric_transform_question_aware,strict_semantic_type_final
5ae4585c5542996836b02c89,Which band has more members Band of Skulls or Live ?,Live,Green Day,BAND,strict_type_bank,strict_semantic_type_final
5abdf1fe55429976d4830a31,Peter Dhao created a websiteto reflect worldwide views. What was the slogan of the site he created ?,media for the 65.8 million,media for the 71.8 million,NUMERIC,numeric_transform_question_aware,strict_semantic_type_final
5a8db788554299653c1aa145,"Which male singer performed together with a female American singer, who was born in 1954 and whose third studio album was named Through His Eyes, have a hit duet with in 1985?",Phil Collins,Prince,PERSON_MUSICIAN,strict_type_bank,strict_semantic_type_final
5a7c6b86554299683c1c62ff,"Who is older, Hampton Del Ruth or Ted Kotcheff?",Hampton Del Ruth,Ted Kotcheff,EXPLICIT_ALTERNATIVE,question_explicit_alternative,strict_semantic_type_final
5abcd44655429959677d6af1,What is the population of the county Rockingham County which Little Bay Bridge meet the river between it,The population was 753,The population was 828,NUMERIC,numeric_transform_question_aware,strict_semantic_type_final
5ae206c45542994d89d5b311,"Through which Tv series, one of the stars of Whats up korean film Kim Ji-won gained attention?","""The Heirs"" (2013)","""The Heirs"" (2020)",NUMERIC,numeric_transform_question_aware,strict_semantic_type_final
5a80762a5542996402f6a536,What team does the new manager who made considerable changes to the Celtic team for the 2010-11 season head coach for?,Scottish Premiership club Hibernian,Arsenal F.C.,FOOTBALL_CLUB,strict_type_bank,strict_semantic_type_final
5ac23ff0554299636651994d,"When was Poison's album ""Shut Up, Make Love"" released?",2000,2007,NUMERIC,numeric_transform_question_aware,strict_semantic_type_final
5ae3e59a5542994393b9e79e,Bride of the Regiment was later remade into a 1948 film starring the actress and pin-up girl who was the highest-salaried American woman in which two years?,1946 and 1947,2141 and 1947,NUMERIC,numeric_transform_question_aware,strict_semantic_type_final
5a80de9b55429938b6142226, The Astor Bridge carries State Road 40 over a river that his how long?,310 mi long,341 mi long,NUMERIC,numeric_transform_question_aware,strict_semantic_type_final
5ab9405c554299743d22ea7c,In what city did the 1959 William & Mary Indians football team lose against the #13 Naval Academy?,"Annapolis, Maryland",Vienna,CITY,strict_type_bank,strict_semantic_type_final
5ab3fa095542992ade7c6f0a,Louis XVI style sought to evoke the artistic styles that were just then being rediscovered in  Pompeii and this ancient Roman town that was destroyed in what year,79 AD,87 AD,NUMERIC,numeric_transform_question_aware,strict_semantic_type_final
5ae53b545542990ba0bbb23c,Where does the hotel and casino located in which Bill Cosby's third album was recorded?,Las Vegas Strip in Paradise,"Boston, Massachusetts",LOCATION,strict_type_bank,strict_semantic_type_final
5ae205fd554299234fd043a9,"Which  baseball team who represents Texas Tech University in NCAA Division I college baseball is  ""The Law"" its home stadium",Texas Tech Red Raiders baseball,Chicago Cubs,BASEBALL_TEAM,strict_type_bank,strict_semantic_type_final
5a7ab1e955429931da12c95d,Where are the main administrative offices of the institute located where K. S. Babu earned his PhD in 1986?,Honolulu,"Toronto, Ontario",LOCATION,strict_type_bank,strict_semantic_type_final
5ae5691055429960a22e02f3,Boggle is a word game originally distributed by a toy and game manufacturer that published more than how many games?,"1,800","1,980",NUMERIC,numeric_transform_question_aware,strict_semantic_type_final
5abc23c45542993a06baf896,"Which region of Austria means 'Estate of the Salt Chamber' and covers the village of Obertraun, a popular destination for skiing and snowboarding in the winter?",Salzkammergut,Queensland,REGION,strict_type_bank,strict_semantic_type_final
5adea19a55429939a52fe919,The infantry rifle regiment of the British Army that Talaiasi Labalaba served in was first created in what year?,1881,1888,NUMERIC,numeric_transform_question_aware,strict_semantic_type_final
5a7f0be055429930675135fe,"Which English crime writer wrote the 2005 psychological thriller ""The Devil's Feather""?",Minette Walters,Virginia Woolf,PERSON_WRITER,strict_type_bank,strict_semantic_type_final
5ab28a87554299449642c8ec,"This expansion of the 2008 magazine article ""Is Google Making Us Stoopid?"" was a finalist for what award?",Pulitzer Prize,Golden Globe Award,AWARD,strict_type_bank,strict_semantic_type_final
5ae7247b5542992ae0d163c1,...Ready for It? is a Taylor Swift song from the album scheduled to be released on what date?,"November 10, 2017","November 10, 2024",NUMERIC,numeric_transform_question_aware,strict_semantic_type_final
5a88dcf9554299206df2b383,"What country does Hatton Hill and Hatton Castle, Angus have in common?",Scotland,Chile,COUNTRY,strict_type_bank,strict_semantic_type_final
5adfeeed55429925eb1afb44,"What is the birthdate of this Uruguayan former footballer, who management team consists of Charlie Oatway?",15 November 1967,17 November 1967,NUMERIC,numeric_transform_question_aware,strict_semantic_type_final
5ae1c214554299234fd042ed,Which  Australian singer-songwriter wrote  Cold Hard Bitch,"Nicholas John ""Nic"" Cester",David Bowie,PERSON_MUSICIAN,strict_type_bank,strict_semantic_type_final
5a75e7b255429976ec32bc95,"Which games, Strange Synergy or Qwirkle,  is a card game published by Steve Jackson Games?",Strange Synergy,Qwirkle,EXPLICIT_ALTERNATIVE,question_explicit_alternative,strict_semantic_type_final
5a8e03375542995a26add458,"What year was the man, who is credited for developing a Crescograph, born?",1858,1865,NUMERIC,numeric_transform_question_aware,strict_semantic_type_final
5ab868e755429919ba4e22e3,"Which company has more divisions within it, WPX Energy or Hewlett Packard Enterprise?",Hewlett Packard Enterprise Company,Panasonic,COMPANY,strict_type_bank,strict_semantic_type_final
5ae1e2765542997f29b3c162,Evan Williams played for what professional football club that was originally known as St. Luke's FC?,Wolverhampton Wanderers Football Club,A.C. Milan,FOOTBALL_CLUB,strict_type_bank,strict_semantic_type_final
5a7c99705542990527d554de,Which town is named after the developers of Monmouth Heights at Manalapan?,Levittown,Lisbon,CITY,strict_type_bank,strict_semantic_type_final
5abce1fa5542993a06baf993,What nationality was the lover of Lord Alfred Douglas ? ,Irish,Canadian,NATIONALITY,strict_type_bank,strict_semantic_type_final
5ab9b7d555429970cfb8eb7a,Which actor from the South Korean-Thai drama film Final Recipe debuted as a member of Super Junior-M in 2008?,Henry Lau,Meryl Streep,PERSON_ACTOR,strict_type_bank,strict_semantic_type_final
5ab85d6c55429919ba4e22cb,What is another movie the director of Marvel Cinematic Universe's fifteenth film is known for?,"""Nanny McPhee""",Steven Spielberg,PERSON_DIRECTOR,strict_type_bank,strict_semantic_type_final
5a812d0555429938b61422e1,"Which breed of dog came first, the Norrbottenspets or the Blue Lacy?",Norrbottenspets,the Blue Lacy,EXPLICIT_ALTERNATIVE,question_explicit_alternative,strict_semantic_type_final
5adfa6c7554299025d62a326,What is the birthday of the Earl of Merioneth?,10 June 1921,10 June 1928,NUMERIC,numeric_transform_question_aware,strict_semantic_type_final
5abe34095542993f32c2a088,"How long did The Shire of Flinders, which encompassed the extremity of the Mornington Peninsula located south-east of Melbourne, Australia, exist?",1874 until 1994,2061 until 1994,NUMERIC,numeric_transform_question_aware,strict_semantic_type_final
5adc9b7a5542994d58a2f679,Shani Gandi has worked with Kelsea Ballerini in what country?,American,Portugal,COUNTRY,strict_type_bank,strict_semantic_type_final
5abf1ad15542997ec76fd3c2,"Which French aristocrat and military officer who fought in the American Revolutionary War visited this historic home located at Enfield, Halifax County, North Carolina, known as The Cellar?",Marquis de Lafayette,Bernard Montgomery,PERSON_MILITARY,strict_type_bank,strict_semantic_type_final
5a73b2fd55429978a71e907f,"Which American film director and actor famous for his role as Donny ""The Bear Jew"" Donowitz wrote the 2012 film ""The Man with the Iron Fists""?",Eli Roth,Ridley Scott,PERSON_DIRECTOR,strict_type_bank,strict_semantic_type_final
5ac531ea5542994611c8b419,What team was formed in 1996 that starred players like Robert Parish?,50 Greatest Players in National Basketball Association History,55 Greatest Players in National Basketball Association History,NUMERIC,numeric_transform_question_aware,strict_semantic_type_final
5ae4f2595542990ba0bbb1a8,"When was the American singer, songwriter, actress and LGBT rights activist born who won Grammy and Emmy award?","June 22, 1953","June 22, 1960",NUMERIC,numeric_transform_question_aware,strict_semantic_type_final
5a713a5a5542994082a3e6a9,What football club plays in the area between the old tool gates: Brook Bar and Trafford bar?,Manchester United,Arsenal F.C.,FOOTBALL_CLUB,strict_type_bank,strict_semantic_type_final
