id,question,gold_answer,counterfactual_answer,counterfactual_type,replacement_source,quality_tier,model_answer,raw_model_output,model,do_sample,max_new_tokens,seed,cf_class
5adbcd475542996e68525240,"In what year did the manager of the singer-songwriter best known for ""American Pie"" die?",2005,2012,NUMERIC,numeric_transform_question_aware,strict_semantic_type_final,2012,2012,Qwen/Qwen3-4B-Instruct-2507,False,32,42,COUNTERFACTUAL_FOLLOW
5ac34fdb554299741d48a24a,"Which TV series directed and written by the same person as ""Buffy the Vampire Slayer"" starred Tahmoh Penikett?",Dollhouse,Frasier,TV_SHOW,strict_type_bank,strict_semantic_type_final,Frasier,Frasier,Qwen/Qwen3-4B-Instruct-2507,False,32,42,COUNTERFACTUAL_FOLLOW
5a7c17c95542990527d5544d,"A guitar player called Noodles is a longtime member of which band, The Smashing Pumpkins or The Offspring?",The Offspring,The Smashing Pumpkins,BAND,question_explicit_alternative,strict_semantic_type_final,The Smashing Pumpkins,The Smashing Pumpkins,Qwen/Qwen3-4B-Instruct-2507,False,32,42,COUNTERFACTUAL_FOLLOW
5a7568805542992db9473658,"What aviator participated to the Transatlantic flight organized by the ""heir apparent"" to Italian dictator Benito Mussolini?",Antonio Lippi,Charles Lindbergh,PERSON_AVIATOR,strict_type_bank,strict_semantic_type_final,Charles Lindbergh,Charles Lindbergh,Qwen/Qwen3-4B-Instruct-2507,False,32,42,COUNTERFACTUAL_FOLLOW
5a773ec45542994aec3b7245," Who was born earlier, Simone Bolelli or Caroline Wozniacki?",Simone Bolelli,Caroline Wozniacki,EXPLICIT_ALTERNATIVE,question_explicit_alternative,strict_semantic_type_final,Caroline Wozniacki was born earlier.,Caroline Wozniacki was born earlier.,Qwen/Qwen3-4B-Instruct-2507,False,32,42,COUNTERFACTUAL_FOLLOW
5ac285335542996773102552,When is the birthday of the British-Irish heiress who worked on the Optimist In Black studio album?,9 November 1967,9 November 1974,NUMERIC,numeric_transform_question_aware,strict_semantic_type_final,9 November 1974,9 November 1974,Qwen/Qwen3-4B-Instruct-2507,False,32,42,COUNTERFACTUAL_FOLLOW
5a7adaa35542992d025e670c,Which movie was Valeria Golino in that also stared Tom Cruise?,Rain Man,Moonlight,FILM,strict_type_bank,strict_semantic_type_final,Moonlight,Moonlight,Qwen/Qwen3-4B-Instruct-2507,False,32,42,COUNTERFACTUAL_FOLLOW
5a8d7a8d55429941ae14dfc2,Which company does Timothy Oulton retail his products through that is based in Corte Madera?,Restoration Hardware,Panasonic,COMPANY,strict_type_bank,strict_semantic_type_final,Panasonic,Panasonic,Qwen/Qwen3-4B-Instruct-2507,False,32,42,COUNTERFACTUAL_FOLLOW
5ab9c292554299131ca423f5,"To which place was this Irish convict portrayed by Oscar Redding in ""Van Diemen's Land"" transported for theft?",Van Diemen's Land,"Oslo, Norway",LOCATION,strict_type_bank,strict_semantic_type_final,"The Irish convict portrayed by Oscar Redding in ""Oslo, Norway"" (film) was transported to Tasmania for theft.","The Irish convict portrayed by Oscar Redding in ""Oslo, Norway"" (film) was transported to Tasmania for theft.",Qwen/Qwen3-4B-Instruct-2507,False,32,42,COUNTERFACTUAL_FOLLOW
5add405f5542992c1e3a2581,What book provided the foundation for Masters and Johnson's research team?,Patterns of Sexual Behavior,The Road,BOOK,strict_type_bank,strict_semantic_type_final,The Road,The Road,Qwen/Qwen3-4B-Instruct-2507,False,32,42,COUNTERFACTUAL_FOLLOW
5a8333115542993344745feb,What summit is located in the county who's county seat is Helena?,Scapegoat Mountain,Mount Rainier,MOUNTAIN,strict_type_bank,strict_semantic_type_final,Mount Rainier,Mount Rainier,Qwen/Qwen3-4B-Instruct-2507,False,32,42,COUNTERFACTUAL_FOLLOW
5a90b4fe55429916514e7525,How many films did the star of Tum Milo Toh Sahi appear in? ,110,121,NUMERIC,numeric_transform_question_aware,strict_semantic_type_final,Suniel Shetty appeared in more than 121 films.,Suniel Shetty appeared in more than 121 films.,Qwen/Qwen3-4B-Instruct-2507,False,32,42,COUNTERFACTUAL_FOLLOW
5ac240ef55429951e9e684ef,"What year was a joint venture between RLJ Companies and this film studio founded in 2005, founded?",2006,2013,NUMERIC,numeric_transform_question_aware,strict_semantic_type_final,2013,2013,Qwen/Qwen3-4B-Instruct-2507,False,32,42,COUNTERFACTUAL_FOLLOW
5ab7c6995542993667794005,"Before composing music for the game which contains Chocobos and Moogles, what cover band was he involved in?",Bothtec,Green Day,BAND,strict_type_bank,strict_semantic_type_final,Green Day,Green Day,Qwen/Qwen3-4B-Instruct-2507,False,32,42,COUNTERFACTUAL_FOLLOW
5ac2759655429921a00aaf7f,What genre of music did Benjamin Burnley and Yannis Philippakis have in common?,rock,science fiction,GENRE,strict_type_bank,strict_semantic_type_final,indie science fiction,indie science fiction,Qwen/Qwen3-4B-Instruct-2507,False,32,42,COUNTERFACTUAL_FOLLOW
5ac132a755429964131be17c,Blackfin is a family of processors developed by the company that is headquartered in what city?,"Norwood, Massachusetts",Vienna,CITY,strict_type_bank,strict_semantic_type_final,Vienna,Vienna,Qwen/Qwen3-4B-Instruct-2507,False,32,42,COUNTERFACTUAL_FOLLOW
5a7dedb55542995f4f402317,"In what year was the Moldavian, later Romanian writer, known for his work ""The Goat and Her Three Kids"" born?",1837,1844,NUMERIC,numeric_transform_question_aware,strict_semantic_type_final,1844,1844,Qwen/Qwen3-4B-Instruct-2507,False,32,42,COUNTERFACTUAL_FOLLOW
5abcc818554299658360048b,In which event did Tyson Gay and Rodney Martin both represent the United States at the 2008 Beijing Olympics?,4 x 100 metre relay,5 x 100 metre relay,NUMERIC,numeric_transform_question_aware,strict_semantic_type_final,5 x 100 metre relay,5 x 100 metre relay,Qwen/Qwen3-4B-Instruct-2507,False,32,42,COUNTERFACTUAL_FOLLOW
5ac00584554299012d1db575,What date was the person born that Samuel Flores Borrego was the right hand man of? ,1 August 1971,1 August 1978,NUMERIC,numeric_transform_question_aware,strict_semantic_type_final,1 August 1978,1 August 1978,Qwen/Qwen3-4B-Instruct-2507,False,32,42,COUNTERFACTUAL_FOLLOW
5ab7ff1d5542990e739ec7b9,"Which American rock band is from Chapel Hill, North Carolina - Polvo or The Black Keys?",Polvo,The Black Keys,BAND,question_explicit_alternative,strict_semantic_type_final,The Black Keys,The Black Keys,Qwen/Qwen3-4B-Instruct-2507,False,32,42,COUNTERFACTUAL_FOLLOW
5ae738f75542991bbc9761c4,What year was the brother of this first round draft pick by the Washington Redskins drafted?,2003,2010,NUMERIC,numeric_transform_question_aware,strict_semantic_type_final,2010,2010,Qwen/Qwen3-4B-Instruct-2507,False,32,42,COUNTERFACTUAL_FOLLOW
5ab6f7415542991d322236f4,Sadok Sassi played for a national team that made its first World Cup in what year?,1978,1985,NUMERIC,numeric_transform_question_aware,strict_semantic_type_final,1985,1985,Qwen/Qwen3-4B-Instruct-2507,False,32,42,COUNTERFACTUAL_FOLLOW
5ac2782d55429963665199cc,Aleksandras Stulginskis' successor held office between what dates?,7 June 1926 to 17 December 1926,7 June 1926 to 17 December 1933,NUMERIC,numeric_transform_question_aware,strict_semantic_type_final,7 June 1926 to 17 December 1933,7 June 1926 to 17 December 1933,Qwen/Qwen3-4B-Instruct-2507,False,32,42,COUNTERFACTUAL_FOLLOW
5ae5c212554299546bf82f4b,The Clavivox was invented by an American composer who was born Harry Warnow in what year?,1908,1915,NUMERIC,numeric_transform_question_aware,strict_semantic_type_final,1915,1915,Qwen/Qwen3-4B-Instruct-2507,False,32,42,COUNTERFACTUAL_FOLLOW
5ae72b96554299572ea5474e,"Risingson is the first single from what album by Massive Attack, that was the first to be produced by Neil Davidge, along with the group?",Mezzanine,Abbey Road,ALBUM,strict_type_bank,strict_semantic_type_final,Abbey Road,Abbey Road,Qwen/Qwen3-4B-Instruct-2507,False,32,42,COUNTERFACTUAL_FOLLOW
5ab6a2be554299710c8d1f08,The movies Queen of Blood and Battle Beyond the Sun both contained scenes from what 1959 Soviet feature?,Nebo Zovyot,Moonlight,FILM,strict_type_bank,strict_semantic_type_final,Moonlight,Moonlight,Qwen/Qwen3-4B-Instruct-2507,False,32,42,COUNTERFACTUAL_FOLLOW
5ae7620f5542997ec2727627,FC Barcelona ambassador Ronaldinho won what French award in addition to FIFA World Player of the Year?,Ballon d'Or,Golden Globe Award,AWARD,strict_type_bank,strict_semantic_type_final,Golden Globe Award,Golden Globe Award,Qwen/Qwen3-4B-Instruct-2507,False,32,42,COUNTERFACTUAL_FOLLOW
5ae1443855429920d5234362,Alexander Petrovich Nikolayev received the title Hero of the Soviet Union and the Order of Lenin for his actions during the   the final major offensive of the European theatre of what war?,World War II,Crimean War,WAR,strict_type_bank,strict_semantic_type_final,Crimean War,Crimean War,Qwen/Qwen3-4B-Instruct-2507,False,32,42,COUNTERFACTUAL_FOLLOW
5ab85f555542992aa3b8c8ca," ""Hold On"" is a song that features the vocals of a British singer whose debut album won what prize in 2017?",Mercury Prize,Grammy Award,AWARD,strict_type_bank,strict_semantic_type_final,Grammy Award,Grammy Award,Qwen/Qwen3-4B-Instruct-2507,False,32,42,COUNTERFACTUAL_FOLLOW
5adf3a4f5542992d7e9f92ec,"Which musician is from Europe, King Diamond or Bob Marley?",King Diamond,Bob Marley,PERSON_MUSICIAN,question_explicit_alternative,strict_semantic_type_final,Bob Marley is from Europe.,Bob Marley is from Europe.,Qwen/Qwen3-4B-Instruct-2507,False,32,42,COUNTERFACTUAL_FOLLOW
5ae56c875542990ba0bbb2a2,"How many albums does the duo who sang ""Yesterday Once More"" have? ",11 albums,12 albums,NUMERIC,numeric_transform_question_aware,strict_semantic_type_final,12 albums,12 albums,Qwen/Qwen3-4B-Instruct-2507,False,32,42,COUNTERFACTUAL_FOLLOW
5ab2d3c5554299295394687a,"Isaac Live Schreiber, better known as Live Schrieber, acted in Salt, a 2010 American action thriller film directed by whom?",Phillip Noyce,Steven Spielberg,PERSON_DIRECTOR,strict_type_bank,strict_semantic_type_final,Steven Spielberg,Steven Spielberg,Qwen/Qwen3-4B-Instruct-2507,False,32,42,COUNTERFACTUAL_FOLLOW
5ab29cef554299449642c936,In which year was the University where Joost Alois Businger is an emeritus professor established ?,1861,1868,NUMERIC,numeric_transform_question_aware,strict_semantic_type_final,1868,1868,Qwen/Qwen3-4B-Instruct-2507,False,32,42,COUNTERFACTUAL_FOLLOW
5a7b9a8a554299042af8f78d,"What Taylor swift song released December 7, 2008 was written by the same writer as ""You Belong to Me""?",White Horse,Jolene,SONG,strict_type_bank,strict_semantic_type_final,Jolene,Jolene,Qwen/Qwen3-4B-Instruct-2507,False,32,42,COUNTERFACTUAL_FOLLOW
5a83e98e5542992ef85e2387,"What ethnicity is this American professional baseball right fielder born in 1987 play, who graduated from Nova Southeastern University?",Cuban,Irish,NATIONALITY,strict_type_bank,strict_semantic_type_final,Irish descent,Irish descent,Qwen/Qwen3-4B-Instruct-2507,False,32,42,COUNTERFACTUAL_FOLLOW
5abe535055429976d4830aea,Where is the transportation company that owns Talbot based in?,Montreal,"Toronto, Ontario",LOCATION,strict_type_bank,strict_semantic_type_final,"Toronto, Ontario, Quebec, Canada","Toronto, Ontario, Quebec, Canada",Qwen/Qwen3-4B-Instruct-2507,False,32,42,COUNTERFACTUAL_FOLLOW
5a8739a05542994775f607ab,What is the birthplace of the Senator who represents the first of 62 districts in the State Senate?,"Brooklyn, New York","Oslo, Norway",LOCATION,strict_type_bank,strict_semantic_type_final,"Oslo, Norway","Oslo, Norway",Qwen/Qwen3-4B-Instruct-2507,False,32,42,COUNTERFACTUAL_FOLLOW
5abb326055429966062416e7,Ruddles Brewery is owned by a pub retailer and brewer based in what city?,Bury St Edmunds,Seattle,CITY,strict_type_bank,strict_semantic_type_final,Seattle,Seattle,Qwen/Qwen3-4B-Instruct-2507,False,32,42,COUNTERFACTUAL_FOLLOW
5ac3f18d554299204fd21ed3,"The song ""Metal"" by Gary Numan was the B-side of a single that reached what ranking inthe UK charts?",number 1,number 2,NUMERIC,numeric_transform_question_aware,strict_semantic_type_final,Number 2,Number 2,Qwen/Qwen3-4B-Instruct-2507,False,32,42,COUNTERFACTUAL_FOLLOW
5ae63b2255429908198fa526,"What is the date played of this college football game at Sun Life Stadium in Miami Gardens, Florida, where Clemson defeated the No. 4 Oklahoma Sooners, 37-17?","December 31, 2015",December 34 2015,NUMERIC,numeric_transform_question_aware,strict_semantic_type_final,"December 34, 2015","December 34, 2015",Qwen/Qwen3-4B-Instruct-2507,False,32,42,COUNTERFACTUAL_FOLLOW
5ae038e955429942ec259c4d,"When was the Russian composer who composed ""Prisoner of the Caucasus"" born? ",[O.S. 6 January] 1835,[O.S. 6 January] 1842,NUMERIC,numeric_transform_question_aware,strict_semantic_type_final,18 January [O.S. 6 January] 1842,18 January [O.S. 6 January] 1842,Qwen/Qwen3-4B-Instruct-2507,False,32,42,COUNTERFACTUAL_FOLLOW
5a8c2adc554299240d9c20a9,Wade Watts is the uncle of a politican who played college footbal for which team ?,the Oklahoma Sooners,Ohio State Buckeyes,COLLEGE_FOOTBALL_TEAM,strict_type_bank,strict_semantic_type_final,Ohio State Buckeyes,Ohio State Buckeyes,Qwen/Qwen3-4B-Instruct-2507,False,32,42,COUNTERFACTUAL_FOLLOW
5ae73c00554299572ea5478a,"The Runge-Kutta methods were developed by M.W. Kutta and a German mathematician, physicist, and Spectroscopist that was born in what year?",1856,1863,NUMERIC,numeric_transform_question_aware,strict_semantic_type_final,1863,1863,Qwen/Qwen3-4B-Instruct-2507,False,32,42,COUNTERFACTUAL_FOLLOW
5a7cb8bc554299452d57b9be,What is the capacity of the stadium that is the home ground of the Lahore Eagles?,"27,000","29,700",NUMERIC,numeric_transform_question_aware,strict_semantic_type_final,"29,700","29,700",Qwen/Qwen3-4B-Instruct-2507,False,32,42,COUNTERFACTUAL_FOLLOW
5a8d263f554299653c1aa139,what year did the band that sang Gives You Hell form?,1999,2006,NUMERIC,numeric_transform_question_aware,strict_semantic_type_final,2006,2006,Qwen/Qwen3-4B-Instruct-2507,False,32,42,COUNTERFACTUAL_FOLLOW
5ab52cb2554299637185c4f1,In what city did Nancy Winstel coach women's collegiate basketball?,Highland Heights,Lisbon,CITY,strict_type_bank,strict_semantic_type_final,"Lisbon, Ohio","Lisbon, Ohio",Qwen/Qwen3-4B-Instruct-2507,False,32,42,COUNTERFACTUAL_FOLLOW
5a7a69365542996c55b2dd9b,Which film was Shannyn Sossamon in that was directed by Michael Lehmann?,40 Days and 40 Nights,44 Days and 40 Nights,NUMERIC,numeric_transform_question_aware,strict_semantic_type_final,44 Days and 40 Nights,44 Days and 40 Nights,Qwen/Qwen3-4B-Instruct-2507,False,32,42,COUNTERFACTUAL_FOLLOW
5a7b8cc7554299294a54a9ea,"Mr. Wilson's Cabinet of Wonder: Pronged Ants, Horned Humans, Mice on Toast, and Other Marvels of Jurassic Technology is a book about a museum that is located in which city ?",Los Angeles,Toronto,CITY,strict_type_bank,strict_semantic_type_final,Toronto,Toronto,Qwen/Qwen3-4B-Instruct-2507,False,32,42,COUNTERFACTUAL_FOLLOW
5adf74255542992d7e9f937d,At which level of French football does the football team named after the manager of France national team play?,Championnat National 3,Championnat National 4,NUMERIC,numeric_transform_question_aware,strict_semantic_type_final,Championnat National 4,Championnat National 4,Qwen/Qwen3-4B-Instruct-2507,False,32,42,COUNTERFACTUAL_FOLLOW
5ab29956554299194fa9342d,The 1989 Batman film was produced by Jon Peters and a man that is the CEO of what company?,Mandalay Entertainment,IBM,COMPANY,strict_type_bank,strict_semantic_type_final,IBM,IBM,Qwen/Qwen3-4B-Instruct-2507,False,32,42,COUNTERFACTUAL_FOLLOW
5a89ec7b5542992e4fca8483,"A Car-Tune Portrait was released on June 26, 1937, the cartoon gives an imaginative take on which second in a set of works by composer Franz Liszt?",Hungarian Rhapsody No. 2,Hungarian Rhapsody No. 3,NUMERIC,numeric_transform_question_aware,strict_semantic_type_final,Hungarian Rhapsody No. 3,Hungarian Rhapsody No. 3,Qwen/Qwen3-4B-Instruct-2507,False,32,42,COUNTERFACTUAL_FOLLOW
5a8f73455542997ba9cb3269,At which public research university founded in 1881 Ralph Fielding served as the head football coach?,University of Texas at Austin,University of Sydney,UNIVERSITY,strict_type_bank,strict_semantic_type_final,University of Sydney,University of Sydney,Qwen/Qwen3-4B-Instruct-2507,False,32,42,COUNTERFACTUAL_FOLLOW
5add1d435542990d50227de8,"Where is the company, which designed the Glomar Challenger, based?","Vernier, Switzerland","Boston, Massachusetts",LOCATION,strict_type_bank,strict_semantic_type_final,"Boston, Massachusetts","Boston, Massachusetts",Qwen/Qwen3-4B-Instruct-2507,False,32,42,COUNTERFACTUAL_FOLLOW
5a88fa1c5542995153361219,Barry Murphy earned 1 cap under a footballer who was part of England's winning World Cup team in what year?,1966,1973,NUMERIC,numeric_transform_question_aware,strict_semantic_type_final,1973,1973,Qwen/Qwen3-4B-Instruct-2507,False,32,42,COUNTERFACTUAL_FOLLOW
5ac1b3a75542994ab5c67dd2,"In what year was the company founded whose Manhattan branch was the site for the recording of the live album, Park Avenue South, by Dave Brubeck and his quartet? ",1971,1978,NUMERIC,numeric_transform_question_aware,strict_semantic_type_final,1978,1978,Qwen/Qwen3-4B-Instruct-2507,False,32,42,COUNTERFACTUAL_FOLLOW
5ae834e95542997ec272776a,What song written by Jimmy Webb inspired the name of a supergroup including Johnny Cash?,Highwayman,Hallelujah,SONG,strict_type_bank,strict_semantic_type_final,Hallelujah,Hallelujah,Qwen/Qwen3-4B-Instruct-2507,False,32,42,COUNTERFACTUAL_FOLLOW
5adf1b8a5542995534e8c750,What band did Gator Country guitarist that co-wrote Bloody Reunion come from?,Molly Hatchet,Green Day,BAND,strict_type_bank,strict_semantic_type_final,Green Day,Green Day,Qwen/Qwen3-4B-Instruct-2507,False,32,42,COUNTERFACTUAL_FOLLOW
5ae7eaf65542994a481bbe1d,When was the  former Indian cricketer who made his ODI debuts during the 2000 ICC KnockOut Trophy born? ,7 October 1978,7 October 1985,NUMERIC,numeric_transform_question_aware,strict_semantic_type_final,7 October 1985,7 October 1985,Qwen/Qwen3-4B-Instruct-2507,False,32,42,COUNTERFACTUAL_FOLLOW
5adf3e355542993a75d26440,"How long is the bridge in the Öresund Region that connect Copenhagen, Denmark and Malmo, Sweden?",8 km,9 km,NUMERIC,numeric_transform_question_aware,strict_semantic_type_final,"The Øresund Bridge is 9 km long from the Swedish coast to the artificial island Peberholm, and the total crossing includes a 4 km D","The Øresund Bridge is 9 km long from the Swedish coast to the artificial island Peberholm, and the total crossing includes a 4 km D",Qwen/Qwen3-4B-Instruct-2507,False,32,42,COUNTERFACTUAL_FOLLOW
5ab3c470554299233954ffa1,"Billy King was an Australian rules footballer who participated in a game that was contested between the South Melbourne Football Club and Carlton Football Club, and was held at what location in Melbourne in 1945?",Princes Park,"Boston, Massachusetts",LOCATION,strict_type_bank,strict_semantic_type_final,"Boston, Massachusetts","Boston, Massachusetts",Qwen/Qwen3-4B-Instruct-2507,False,32,42,COUNTERFACTUAL_FOLLOW
5a8911ad554299515336129c,"Nuestra Belleza México 2010 was crowned by the winner of what other 2010 pageant, the winner of which was crowned on 23 August 2010?",Miss Universe 2010,Miss Universe 2017,NUMERIC,numeric_transform_question_aware,strict_semantic_type_final,Miss Universe 2017,Miss Universe 2017,Qwen/Qwen3-4B-Instruct-2507,False,32,42,COUNTERFACTUAL_FOLLOW
5a73073d55429901807daf69,Which Football Club is based in the capital of Lesotho?,Lerotholi Polytechnic Football Club,Arsenal F.C.,FOOTBALL_CLUB,strict_type_bank,strict_semantic_type_final,Arsenal F.C.,Arsenal F.C.,Qwen/Qwen3-4B-Instruct-2507,False,32,42,COUNTERFACTUAL_FOLLOW
5a7ce50f55429909bec76869,"In what year did the Danish plant ecologist who assisted a Danish chemist, famous for the introduction of the concept of pH die?",1974,1981,NUMERIC,numeric_transform_question_aware,strict_semantic_type_final,1981,1981,Qwen/Qwen3-4B-Instruct-2507,False,32,42,COUNTERFACTUAL_FOLLOW
5ac0641f554299294b218fbe,Immanuel Lutheran School is affiliated with the denomination that has how many members?,2.1 million,3.1 million,NUMERIC,numeric_transform_question_aware,strict_semantic_type_final,3.1 million members,3.1 million members,Qwen/Qwen3-4B-Instruct-2507,False,32,42,COUNTERFACTUAL_FOLLOW
5a7560585542992d0ec05f76,Arbie Orenstein is known as a scholar on the life of what composer internationally regarded as France's greatest living composer? ,Maurice Ravel,Prince,PERSON_MUSICIAN,strict_type_bank,strict_semantic_type_final,"Arbie Orenstein is known as a scholar on the life of Joseph Prince, who is internationally regarded as France's greatest living composer.","Arbie Orenstein is known as a scholar on the life of Joseph Prince, who is internationally regarded as France's greatest living composer. 

Answer: Joseph",Qwen/Qwen3-4B-Instruct-2507,False,32,42,COUNTERFACTUAL_FOLLOW
5aba77be55429955dce3ee44,How many degrees and minutes south of the equator are the bone fragments of the extinct Ascension night heron found?,7°56',8°56',NUMERIC,numeric_transform_question_aware,strict_semantic_type_final,8°56' South of the equator.,8°56' South of the equator.,Qwen/Qwen3-4B-Instruct-2507,False,32,42,COUNTERFACTUAL_FOLLOW
5a88a4e65542997e5c09a671,The boxer that defeated Oliver Lavigilante in the 2012 Summer Olympics is of what nationality?,a Ghanaian boxer,Swedish,NATIONALITY,strict_type_bank,strict_semantic_type_final,Swedish,Swedish,Qwen/Qwen3-4B-Instruct-2507,False,32,42,COUNTERFACTUAL_FOLLOW
5ae526c455429908b6326529,Where is the headquarters for the service broadcaster the show Tenko is on?,Broadcasting House in London,"Toronto, Ontario",LOCATION,strict_type_bank,strict_semantic_type_final,"Toronto, Ontario","Toronto, Ontario",Qwen/Qwen3-4B-Instruct-2507,False,32,42,COUNTERFACTUAL_FOLLOW
5a769b115542993569682c51,What American bluegrass singer performed the song Restless with The New Nashville Cats?,Mark O'Connor,Annie Lennox,PERSON_MUSICIAN,strict_type_bank,strict_semantic_type_final,Annie Lennox,Annie Lennox,Qwen/Qwen3-4B-Instruct-2507,False,32,42,COUNTERFACTUAL_FOLLOW
5ae01fcf554299025d62a411,What type of students attend the school adjacent to Pilgram Hospital?,girls aged 11 to 18,girls aged 12 to 18,NUMERIC,numeric_transform_question_aware,strict_semantic_type_final,Girls aged 12 to 18 attend the school adjacent to Pilgrim Hospital.,Girls aged 12 to 18 attend the school adjacent to Pilgrim Hospital.,Qwen/Qwen3-4B-Instruct-2507,False,32,42,COUNTERFACTUAL_FOLLOW
5add7ce55542992ae4cec585,"When was the Swiss author and dramatist died who's novel is ""A Dangerous Game""?",14 December 1990,14 December 1997,NUMERIC,numeric_transform_question_aware,strict_semantic_type_final,14 December 1997,14 December 1997,Qwen/Qwen3-4B-Instruct-2507,False,32,42,COUNTERFACTUAL_FOLLOW
5a8341c255429954d2e2ec6e,Thehickey  team that won the 1997 Calder Cup playoffs is based in what city?,"Hershey, Pennsylvania",Melbourne,CITY,strict_type_bank,strict_semantic_type_final,Melbourne,Melbourne,Qwen/Qwen3-4B-Instruct-2507,False,32,42,COUNTERFACTUAL_FOLLOW
5a7b2144554299042af8f6f7,What town's geographic feature is the battle James Swan was twice wounded at named for?,"Charlestown, Massachusetts",Vienna,CITY,strict_type_bank,strict_semantic_type_final,Vienna,Vienna,Qwen/Qwen3-4B-Instruct-2507,False,32,42,COUNTERFACTUAL_FOLLOW
5ae01b8855429925eb1afc14,"When was the German actress born who is best known for her role as the Borg Seven of Nine and who has role in  ""Body of Proof"" as Dr. Kate Murphy?","February 22, 1968","February 22, 1975",NUMERIC,numeric_transform_question_aware,strict_semantic_type_final,"February 22, 1975","February 22, 1975",Qwen/Qwen3-4B-Instruct-2507,False,32,42,COUNTERFACTUAL_FOLLOW
5a75642c5542996c70cfaeed,Where is the investment firm that acquired TI Automotive in 2015 headquartered?,"Boston, Massachusetts","Toronto, Ontario",LOCATION,strict_type_bank,strict_semantic_type_final,"Toronto, Ontario","Toronto, Ontario",Qwen/Qwen3-4B-Instruct-2507,False,32,42,COUNTERFACTUAL_FOLLOW
5ae26c435542994d89d5b420,Cagliostro-Walzer op.370 was composed by a man born in what year?,1825,1832,NUMERIC,numeric_transform_question_aware,strict_semantic_type_final,1832,1832,Qwen/Qwen3-4B-Instruct-2507,False,32,42,COUNTERFACTUAL_FOLLOW
5ae12f105542997b2ef7d11e,Love Thy Neighbor starred an AMerican actor who was best known for his role as Jack Tripper on what sitcom?,Three's Company,Mad Men,TV_SHOW,strict_type_bank,strict_semantic_type_final,Mad Men,Mad Men,Qwen/Qwen3-4B-Instruct-2507,False,32,42,COUNTERFACTUAL_FOLLOW
5adec62a55429975fa854f89,"The song that came out ahead of The Wanted's ""Lightning"" on the UK Singles Chart was featured on which album?","""Talk That Talk""",Rumours,ALBUM,strict_type_bank,strict_semantic_type_final,Rumours,Rumours,Qwen/Qwen3-4B-Instruct-2507,False,32,42,COUNTERFACTUAL_FOLLOW
5a75d45f5542994ccc918630,"Which refers to more breeds, Stabyhoun or Griffon Bruxellois?",Griffon Bruxellois,Stabyhoun,EXPLICIT_ALTERNATIVE,question_explicit_alternative,strict_semantic_type_final,Stabyhoun refers to more breeds.,Stabyhoun refers to more breeds.,Qwen/Qwen3-4B-Instruct-2507,False,32,42,COUNTERFACTUAL_FOLLOW
5ab28019554299722f9b4d51,What amount was the settlement that the character from the Son of al Quada got in 2017?,$10.5 million,$11.5 million,NUMERIC,numeric_transform_question_aware,strict_semantic_type_final,$11.5 million,$11.5 million,Qwen/Qwen3-4B-Instruct-2507,False,32,42,COUNTERFACTUAL_FOLLOW
5ae083e855429924de1b70fb,"By how many points did Dion Lewis' team trail by, in the third quarter, of the Super Bowl that they won ? ",25 points,27 points,NUMERIC,numeric_transform_question_aware,strict_semantic_type_final,27 points,27 points,Qwen/Qwen3-4B-Instruct-2507,False,32,42,COUNTERFACTUAL_FOLLOW
5ae7eb43554299540e5a5695,"What Congressional district featured Republican nomiee Willie Vaden in 2004, 2006, and 2008?",Texas's 27th congressional district,Texas's 28th congressional district,NUMERIC,numeric_transform_question_aware,strict_semantic_type_final,Texas's 28th congressional district,Texas's 28th congressional district,Qwen/Qwen3-4B-Instruct-2507,False,32,42,COUNTERFACTUAL_FOLLOW
5a845b2d5542996488c2e520,Back Up n da Chevy was an album by the rap group from what city?,"Atlanta, Georgia",Oslo,CITY,strict_type_bank,strict_semantic_type_final,Oslo,Oslo,Qwen/Qwen3-4B-Instruct-2507,False,32,42,COUNTERFACTUAL_FOLLOW
5ae796af554299540e5a5623,"Where was the capital of the Arab country, in which the Aulacodes peribocalis moth is found, relocated to?  ",Aden,"Toronto, Ontario",LOCATION,strict_type_bank,strict_semantic_type_final,"Toronto, Ontario","Toronto, Ontario",Qwen/Qwen3-4B-Instruct-2507,False,32,42,COUNTERFACTUAL_FOLLOW
5adffd4755429906c02daa9b,"The actress that plays Charity in the drama series ""Greenleaf"" is a member of a musical family from what city and state?","Detroit, Michigan",Oslo,CITY,strict_type_bank,strict_semantic_type_final,"Oslo, Tennessee","Oslo, Tennessee",Qwen/Qwen3-4B-Instruct-2507,False,32,42,COUNTERFACTUAL_FOLLOW
5ab56f3e5542992aa134a317,"Which genus of flowering plant is found in an environment further south, Crocosmia or Cimicifuga?",Crocosmia,Cimicifuga,EXPLICIT_ALTERNATIVE,question_explicit_alternative,strict_semantic_type_final,Cimicifuga,Cimicifuga,Qwen/Qwen3-4B-Instruct-2507,False,32,42,COUNTERFACTUAL_FOLLOW
5a86265f55429960ec39b625,Where does the region where Jews supported by Kolel Chibas Jerusalem are from get its name?,the medieval city of Halych,"Boston, Massachusetts",LOCATION,strict_type_bank,strict_semantic_type_final,"The region gets its name from Boston, Massachusetts.","The region gets its name from Boston, Massachusetts.",Qwen/Qwen3-4B-Instruct-2507,False,32,42,COUNTERFACTUAL_FOLLOW
5ade895955429975fa854ef5,In what year did the conference in which the 2005 Air Force Falcons participated begin operations?,1999,2006,NUMERIC,numeric_transform_question_aware,strict_semantic_type_final,2006,2006,Qwen/Qwen3-4B-Instruct-2507,False,32,42,COUNTERFACTUAL_FOLLOW
5a7dc7735542990b8f503a93,Born 2 B.R.E.E.D. was co-written by the late singer-songwriter who has sold over how many records worldwide?,100 million,110 million,NUMERIC,numeric_transform_question_aware,strict_semantic_type_final,110 million records worldwide.,110 million records worldwide.,Qwen/Qwen3-4B-Instruct-2507,False,32,42,COUNTERFACTUAL_FOLLOW
5ac3adc35542995ef918c1e2,"Which is in the pop genre, Capital Cities or Tweaker?",Capital Cities,Tweaker,EXPLICIT_ALTERNATIVE,question_explicit_alternative,strict_semantic_type_final,Tweaker is in the pop genre.,Tweaker is in the pop genre.,Qwen/Qwen3-4B-Instruct-2507,False,32,42,COUNTERFACTUAL_FOLLOW
5ab959905542996be2020497,"Pontiac marketed the 2+2 as the ""big brother"" to an automobile built by Pontiac between which years ?",1964 to 1974,1964 to 1981,NUMERIC,numeric_transform_question_aware,strict_semantic_type_final,1964 to 1981,1964 to 1981,Qwen/Qwen3-4B-Instruct-2507,False,32,42,COUNTERFACTUAL_FOLLOW
5ab53ad6554299488d4d9917,"The Ameican Jazz saxophonist nicked named the ""Hawk"", once played with what musician who died in 2009 and once played with Johnny Carson during Carson's residency?",Shep Meyers,Annie Lennox,PERSON_MUSICIAN,strict_type_bank,strict_semantic_type_final,Annie Lennox,Annie Lennox,Qwen/Qwen3-4B-Instruct-2507,False,32,42,COUNTERFACTUAL_FOLLOW
5a8af11a55429950cd6afc21,The Hoch Conservatory had the teacher on-staff who was the first to publicly perform any work by which composer?,Brahms,David Bowie,PERSON_MUSICIAN,strict_type_bank,strict_semantic_type_final,David Bowie,David Bowie,Qwen/Qwen3-4B-Instruct-2507,False,32,42,COUNTERFACTUAL_FOLLOW
5ae72ca35542991e8301cb92,"Kacha, Sevastopol is a settlement that is part of a sovereign state bordered on the northwest by which country?",Belarus,Canada,COUNTRY,strict_type_bank,strict_semantic_type_final,Canada,Canada,Qwen/Qwen3-4B-Instruct-2507,False,32,42,COUNTERFACTUAL_FOLLOW
5a79b7f6554299029c4b5f6f,How many restaurants comprise the quick service restaurant chain that Ron Joyce helped found?,"4,613","5,074",NUMERIC,numeric_transform_question_aware,strict_semantic_type_final,"5,074","5,074",Qwen/Qwen3-4B-Instruct-2507,False,32,42,COUNTERFACTUAL_FOLLOW
5a8db788554299653c1aa145,"Which male singer performed together with a female American singer, who was born in 1954 and whose third studio album was named Through His Eyes, have a hit duet with in 1985?",Phil Collins,Prince,PERSON_MUSICIAN,strict_type_bank,strict_semantic_type_final,Prince,Prince,Qwen/Qwen3-4B-Instruct-2507,False,32,42,COUNTERFACTUAL_FOLLOW
5a80762a5542996402f6a536,What team does the new manager who made considerable changes to the Celtic team for the 2010-11 season head coach for?,Scottish Premiership club Hibernian,Arsenal F.C.,FOOTBALL_CLUB,strict_type_bank,strict_semantic_type_final,Arsenal F.C.,Arsenal F.C.,Qwen/Qwen3-4B-Instruct-2507,False,32,42,COUNTERFACTUAL_FOLLOW
5ab9405c554299743d22ea7c,In what city did the 1959 William & Mary Indians football team lose against the #13 Naval Academy?,"Annapolis, Maryland",Vienna,CITY,strict_type_bank,strict_semantic_type_final,Vienna,Vienna,Qwen/Qwen3-4B-Instruct-2507,False,32,42,COUNTERFACTUAL_FOLLOW
5ab3fa095542992ade7c6f0a,Louis XVI style sought to evoke the artistic styles that were just then being rediscovered in  Pompeii and this ancient Roman town that was destroyed in what year,79 AD,87 AD,NUMERIC,numeric_transform_question_aware,strict_semantic_type_final,87 AD,87 AD,Qwen/Qwen3-4B-Instruct-2507,False,32,42,COUNTERFACTUAL_FOLLOW
5ae205fd554299234fd043a9,"Which  baseball team who represents Texas Tech University in NCAA Division I college baseball is  ""The Law"" its home stadium",Texas Tech Red Raiders baseball,Chicago Cubs,BASEBALL_TEAM,strict_type_bank,strict_semantic_type_final,"The Chicago Cubs team represents Texas Tech University in NCAA Division I college baseball and ""The Law"" is its home stadium.","The Chicago Cubs team represents Texas Tech University in NCAA Division I college baseball and ""The Law"" is its home stadium.",Qwen/Qwen3-4B-Instruct-2507,False,32,42,COUNTERFACTUAL_FOLLOW
5ae5691055429960a22e02f3,Boggle is a word game originally distributed by a toy and game manufacturer that published more than how many games?,"1,800","1,980",NUMERIC,numeric_transform_question_aware,strict_semantic_type_final,"1,980","1,980",Qwen/Qwen3-4B-Instruct-2507,False,32,42,COUNTERFACTUAL_FOLLOW
5abc23c45542993a06baf896,"Which region of Austria means 'Estate of the Salt Chamber' and covers the village of Obertraun, a popular destination for skiing and snowboarding in the winter?",Salzkammergut,Queensland,REGION,strict_type_bank,strict_semantic_type_final,Queensland,Queensland,Qwen/Qwen3-4B-Instruct-2507,False,32,42,COUNTERFACTUAL_FOLLOW
5adea19a55429939a52fe919,The infantry rifle regiment of the British Army that Talaiasi Labalaba served in was first created in what year?,1881,1888,NUMERIC,numeric_transform_question_aware,strict_semantic_type_final,1888,1888,Qwen/Qwen3-4B-Instruct-2507,False,32,42,COUNTERFACTUAL_FOLLOW
5a7f0be055429930675135fe,"Which English crime writer wrote the 2005 psychological thriller ""The Devil's Feather""?",Minette Walters,Virginia Woolf,PERSON_WRITER,strict_type_bank,strict_semantic_type_final,Virginia Woolf,Virginia Woolf,Qwen/Qwen3-4B-Instruct-2507,False,32,42,COUNTERFACTUAL_FOLLOW
5ab28a87554299449642c8ec,"This expansion of the 2008 magazine article ""Is Google Making Us Stoopid?"" was a finalist for what award?",Pulitzer Prize,Golden Globe Award,AWARD,strict_type_bank,strict_semantic_type_final,The Shallows was a finalist for the 2011 Golden Globe Award in General Nonfiction.,The Shallows was a finalist for the 2011 Golden Globe Award in General Nonfiction.,Qwen/Qwen3-4B-Instruct-2507,False,32,42,COUNTERFACTUAL_FOLLOW
5adfeeed55429925eb1afb44,"What is the birthdate of this Uruguayan former footballer, who management team consists of Charlie Oatway?",15 November 1967,17 November 1967,NUMERIC,numeric_transform_question_aware,strict_semantic_type_final,17 November 1967,17 November 1967,Qwen/Qwen3-4B-Instruct-2507,False,32,42,COUNTERFACTUAL_FOLLOW
5a75e7b255429976ec32bc95,"Which games, Strange Synergy or Qwirkle,  is a card game published by Steve Jackson Games?",Strange Synergy,Qwirkle,EXPLICIT_ALTERNATIVE,question_explicit_alternative,strict_semantic_type_final,Qwirkle is a card game published by Steve Jackson Games.,Qwirkle is a card game published by Steve Jackson Games.,Qwen/Qwen3-4B-Instruct-2507,False,32,42,COUNTERFACTUAL_FOLLOW
5a8e03375542995a26add458,"What year was the man, who is credited for developing a Crescograph, born?",1858,1865,NUMERIC,numeric_transform_question_aware,strict_semantic_type_final,1865,1865,Qwen/Qwen3-4B-Instruct-2507,False,32,42,COUNTERFACTUAL_FOLLOW
5adfa6c7554299025d62a326,What is the birthday of the Earl of Merioneth?,10 June 1921,10 June 1928,NUMERIC,numeric_transform_question_aware,strict_semantic_type_final,10 June 1928,10 June 1928,Qwen/Qwen3-4B-Instruct-2507,False,32,42,COUNTERFACTUAL_FOLLOW
5abe34095542993f32c2a088,"How long did The Shire of Flinders, which encompassed the extremity of the Mornington Peninsula located south-east of Melbourne, Australia, exist?",1874 until 1994,2061 until 1994,NUMERIC,numeric_transform_question_aware,strict_semantic_type_final,"The Shire of Flinders existed from 2061 until 1994, which is not possible as 2061 is after","The Shire of Flinders existed from 2061 until 1994, which is not possible as 2061 is after",Qwen/Qwen3-4B-Instruct-2507,False,32,42,COUNTERFACTUAL_FOLLOW
5ae4f2595542990ba0bbb1a8,"When was the American singer, songwriter, actress and LGBT rights activist born who won Grammy and Emmy award?","June 22, 1953","June 22, 1960",NUMERIC,numeric_transform_question_aware,strict_semantic_type_final,"June 22, 1960","June 22, 1960",Qwen/Qwen3-4B-Instruct-2507,False,32,42,COUNTERFACTUAL_FOLLOW
5a713a5a5542994082a3e6a9,What football club plays in the area between the old tool gates: Brook Bar and Trafford bar?,Manchester United,Arsenal F.C.,FOOTBALL_CLUB,strict_type_bank,strict_semantic_type_final,Arsenal F.C.,Arsenal F.C.,Qwen/Qwen3-4B-Instruct-2507,False,32,42,COUNTERFACTUAL_FOLLOW
