id,question,gold_answer,clean_answer,clean_em,clean_f1,model_answer_D1,model_answer_D3,model_answer_D5,em_D1,em_D3,em_D5,f1_D1,f1_D3,f1_D5,trajectory,trajectory_class
5ac34fdb554299741d48a24a,"Which TV series directed and written by the same person as ""Buffy the Vampire Slayer"" starred Tahmoh Penikett?",Dollhouse,Dollhouse,1,1.0,Continuum,Continuum,INSUFFICIENT_EVIDENCE,0,0,0,0.0,0.0,0.0,1→0→0→0,FAILS_AT_D1
5adfd56655429925eb1afaac,"What is the birth name of the disc jockey that notably used Mark Wirtz's song ""A Touch of Velvet, A Sting of Brass"" on their Radio Caroline show?",David Patrick Griffin,David Patrick Griffin,1,1.0,David Patrick Griffin,David Patrick Griffin,Dave Lee Travis,1,1,0,1.0,1.0,0.0,1→1→1→0,FAILS_AT_D5
5a7f22005542993067513656, Among Kele Okereke and Jon Hume who made the New Zealand band Evermore?,Jon Hume,Jon Hume,1,1.0,Jon Hume,Jon Hume made the New Zealand band Evermore.,Jon Hume made the New Zealand band Evermore.,1,0,0,1.0,0.4444444444444445,0.4444444444444445,1→1→0→0,FAILS_AT_D3
5a7b3b4f5542992d025e67ac,Who is the older brother of the king that was overthrown in the Henriad?,Edward of Angoulême,Edward of Angoulême,1,1.0,Edward of Angoulême,The older brother of the king that was overthrown in the Henriad is Edward of Angoulême.,"Richard II's older brother was Edward of Angoulême. He died when Richard was three years old, making Richard the second in line to the throne. Therefore",1,0,0,1.0,0.375,0.2222222222222222,1→1→0→0,FAILS_AT_D3
5ac240ef55429951e9e684ef,"What year was a joint venture between RLJ Companies and this film studio founded in 2005, founded?",2006,2006,1,1.0,INSUFFICIENT_EVIDENCE,INSUFFICIENT_EVIDENCE,INSUFFICIENT_EVIDENCE,0,0,0,0.0,0.0,0.0,1→0→0→0,FAILS_AT_D1
5ab502ae5542991779162d4c,What position in the court does the Professor of Law at the Interdisciplinary Center in Herzliya hold?,Supreme Court Judge,Supreme Court Judge,1,1.0,The provided context does not specify the exact position in the court that Aharon Barak holds. It only states that he is a Professor of Law and a lecturer,INSUFFICIENT_EVIDENCE,INSUFFICIENT_EVIDENCE,0,0,0,0.07407407407407407,0.0,0.0,1→0→0→0,FAILS_AT_D1
5ab6f7415542991d322236f4,Sadok Sassi played for a national team that made its first World Cup in what year?,1978,1978,1,1.0,1978,INSUFFICIENT_EVIDENCE,INSUFFICIENT_EVIDENCE,1,0,0,1.0,0.0,0.0,1→1→0→0,FAILS_AT_D3
5ac13e195542994ab5c67cc5,One of the actors from the web series Red Bird is also known for what character in the popular television show Seinfeld?,Kramer's caddy Stan,Kramer's caddy Stan,1,1.0,Kramer's caddy Stan,Kramer's caddy Stan,"Stan, Kramer's caddy on Seinfeld.",1,1,0,1.0,1.0,0.7499999999999999,1→1→1→0,FAILS_AT_D5
5ab430f655429942dd415eca,"""The Chance of a Lunchtime"" is an episode of a BBC sitcom writtem by who?",John Sullivan,John Sullivan,1,1.0,John Sullivan,INSUFFICIENT_EVIDENCE,INSUFFICIENT_EVIDENCE,1,0,0,1.0,0.0,0.0,1→1→0→0,FAILS_AT_D3
5ae72b96554299572ea5474e,"Risingson is the first single from what album by Massive Attack, that was the first to be produced by Neil Davidge, along with the group?",Mezzanine,Mezzanine,1,1.0,INSUFFICIENT_EVIDENCE,INSUFFICIENT_EVIDENCE,INSUFFICIENT_EVIDENCE,0,0,0,0.0,0.0,0.0,1→0→0→0,FAILS_AT_D1
5a8e0dbd554299068b959e3e,What type of media does Hot Pixel and PlayStation Portable have in common?,video game,Video game,1,1.0,Video game,INSUFFICIENT_EVIDENCE,video games,1,0,0,1.0,0.0,0.5,1→1→0→0,FAILS_AT_D3
5ae40a2955429970de88d8a3,In what Italian region was the House of Grimaldi?,Liguria,Liguria,1,1.0,"Monaco is not an Italian region; it is a sovereign city-state. The House of Grimaldi is associated with the Principality of Monaco, which is","Monaco is not an Italian region. The House of Grimaldi is associated with the Principality of Monaco, which is a sovereign city-state located on the","Monaco is not an Italian region; the House of Grimaldi is associated with the Principality of Monaco, which is a sovereign city-state located on the",0,0,0,0.0,0.0,0.0,1→0→0→0,FAILS_AT_D1
5a72953b5542994cef4bc357,What Labor member of the House of Representatives in the Australian Parliament was a member of the Australian Labor Party Australian Young Labor?,Tony Burke,Tony Burke,1,1.0,Tony Burke,INSUFFICIENT_EVIDENCE,INSUFFICIENT_EVIDENCE,1,0,0,1.0,0.0,0.0,1→1→0→0,FAILS_AT_D3
5ac3f18d554299204fd21ed3,"The song ""Metal"" by Gary Numan was the B-side of a single that reached what ranking inthe UK charts?",number 1,Number 1,1,1.0,"The song ""Metal"" by Gary Numan was the B-side of ""Cars"", which reached number 1 in the UK charts.",INSUFFICIENT_EVIDENCE,INSUFFICIENT_EVIDENCE,0,0,0,0.2222222222222222,0.0,0.0,1→0→0→0,FAILS_AT_D1
5ab97d0a5542996be202051e,Who was hung for assisting the attempted surrender of a defector from the American Continental Army to the British Army?,John André,John André,1,1.0,John André was hung for assisting the attempted surrender of a defector from the American Continental Army to the British Army.,"John André was hung for assisting Benedict Arnold's attempted surrender of the fort at West Point, New York to the British Army.","John André was hung for assisting Benedict Arnold's attempted surrender of the fort at West Point, New York to the British Army.",0,0,0,0.21052631578947367,0.18181818181818182,0.18181818181818182,1→0→0→0,FAILS_AT_D1
5ac49a1c5542996feb3fe905,Who was the head coach for the team whose fourth round draft pick in 1974 played college football at Alabama A&M?,Chuck Noll,Chuck Noll,1,1.0,Chuck Noll,Chuck Noll,"The head coach for the Pittsburgh Steelers, who drafted John Stallworth in the fourth round of 1974, was Chuck Noll.",1,1,0,1.0,1.0,0.21052631578947367,1→1→1→0,FAILS_AT_D5
5a8135cc55429903bc27b943,"In the USA, gun powder is used in conjunction with this to start the Boomershot.",Anvil firing,anvil firing,1,1.0,anvil firing,anvil,INSUFFICIENT_EVIDENCE,1,0,0,1.0,0.6666666666666666,0.0,1→1→0→0,FAILS_AT_D3
5a85f4425542994775f606c4,"What movie genre does both ""The Trials of Life"" and ""Human"" belong to?",documentary,Documentary,1,1.0,INSUFFICIENT_EVIDENCE,INSUFFICIENT_EVIDENCE,INSUFFICIENT_EVIDENCE,0,0,0,0.0,0.0,0.0,1→0→0→0,FAILS_AT_D1
5a8d263f554299653c1aa139,what year did the band that sang Gives You Hell form?,1999,1999,1,1.0,1999,1999,INSUFFICIENT_EVIDENCE,1,1,0,1.0,1.0,0.0,1→1→1→0,FAILS_AT_D5
5abf8ae85542990832d3a14b,What empire was Aleksei Gen born into?,Russian Empire,Russian Empire,1,1.0,Russian Empire,INSUFFICIENT_EVIDENCE,INSUFFICIENT_EVIDENCE,1,0,0,1.0,0.0,0.0,1→1→0→0,FAILS_AT_D3
5ae7909f5542994a481bbda6,Which of the teams for which Colin Kolles is the former team principal and managing director was sold and renamed Force India at the end of the 2007?,Spyker F1,Spyker F1,1,1.0,Spyker F1,Spyker F1 Team,Spyker F1 Team,1,0,0,1.0,0.8,0.8,1→1→0→0,FAILS_AT_D3
5a87f3cb5542994846c1ce03,What is the name of the conditions that the radiologist who served as chief of radiology at the U.S. Army's flagship medical center from 1909 to 2011?,Hampton's hump and Hampton's line,Hampton's hump and Hampton's line,1,1.0,INSUFFICIENT_EVIDENCE,INSUFFICIENT_EVIDENCE,INSUFFICIENT_EVIDENCE,0,0,0,0.0,0.0,0.0,1→0→0→0,FAILS_AT_D1
5ab6ba9d5542995eadef0083,What is the first name of the mother of the artist who interpreted Karla  Bonoff's Tell Me Why ?,Naomi,Naomi,1,1.0,Naomi,Wynonna,Wynonna,1,0,0,1.0,0.0,0.0,1→1→0→0,FAILS_AT_D3
5ae01b8855429925eb1afc14,"When was the German actress born who is best known for her role as the Borg Seven of Nine and who has role in  ""Body of Proof"" as Dr. Kate Murphy?","February 22, 1968","February 22, 1968",1,1.0,"February 22, 1968","February 22, 1968","Jeri Lynn Ryan, the German actress best known for her role as the Borg Seven of Nine, was born on February 22, 196",1,1,0,1.0,1.0,0.16666666666666666,1→1→1→0,FAILS_AT_D5
5a771d6155429966f1a36c6d,What lieutenant general stayed in the Elliott-Donaldson House?,Nathan Bedford Forrest,Nathan Bedford Forrest,1,1.0,Nathan Bedford Forrest,Confederate States Army General Nathan Bedford Forrest,Confederate States Army General Nathan Bedford Forrest,1,0,0,1.0,0.6,0.6,1→1→0→0,FAILS_AT_D3
5ae78d155542994a481bbd99,What did the UK's first Linux-specific magazine call Qvwm?,an unusually impressive imposter,"""an unusually impressive imposter""",1,1.0,INSUFFICIENT_EVIDENCE,INSUFFICIENT_EVIDENCE,INSUFFICIENT_EVIDENCE,0,0,0,0.0,0.0,0.0,1→0→0→0,FAILS_AT_D1
5ab2a308554299340b52553b,What is the nationality of the author of Fifty Shades Freed?,English,English,1,1.0,British,British,British,0,0,0,0.0,0.0,0.0,1→0→0→0,FAILS_AT_D1
5a77846f5542995d83181187,Which 50th Congressional District representative was Brent Roger Wilkes connected to in a scandal?,Duke Cunningham,Duke Cunningham,1,1.0,Duke Cunningham,INSUFFICIENT_EVIDENCE,INSUFFICIENT_EVIDENCE,1,0,0,1.0,0.0,0.0,1→1→0→0,FAILS_AT_D3
5a886098554299206df2b248,What type of profession does Alexandra David-Néel and Jack Kerouac have in common?,writer,Writer,1,1.0,Writer,Both Alexandra David-Néel and Jack Kerouac were writers.,Both Alexandra David-Néel and Jack Kerouac were writers.,1,0,0,1.0,0.0,0.0,1→1→0→0,FAILS_AT_D3
5ab28019554299722f9b4d51,What amount was the settlement that the character from the Son of al Quada got in 2017?,$10.5 million,$10.5 million,1,1.0,INSUFFICIENT_EVIDENCE,INSUFFICIENT_EVIDENCE,INSUFFICIENT_EVIDENCE,0,0,0,0.0,0.0,0.0,1→0→0→0,FAILS_AT_D1
5a72a9ac5542991f9a20c55f,Which show co-hosted by Hoda Kotb was produced by Brian Balthazar?,the fourth hour of the TODAY Show,The fourth hour of the TODAY Show,1,1.0,INSUFFICIENT_EVIDENCE,INSUFFICIENT_EVIDENCE,INSUFFICIENT_EVIDENCE,0,0,0,0.0,0.0,0.0,1→0→0→0,FAILS_AT_D1
5ab53ad6554299488d4d9917,"The Ameican Jazz saxophonist nicked named the ""Hawk"", once played with what musician who died in 2009 and once played with Johnny Carson during Carson's residency?",Shep Meyers,Shep Meyers,1,1.0,Coleman Hawkins,Coleman Hawkins,Coleman Hawkins,0,0,0,0.0,0.0,0.0,1→0→0→0,FAILS_AT_D1
5a8af11a55429950cd6afc21,The Hoch Conservatory had the teacher on-staff who was the first to publicly perform any work by which composer?,Brahms,Brahms,1,1.0,Brahms,Brahms,"Clara Schumann was the first to perform publicly any work by Johannes Brahms. Therefore, the composer is Johannes Brahms.",1,1,0,1.0,1.0,0.1111111111111111,1→1→1→0,FAILS_AT_D5
5adf85e05542993344016cba,What football league did John Moncur belong to during his time at Ipswich Town F.C.?,Championship,Championship,1,1.0,Championship,"John Moncur played for Ipswich Town F.C. in the Football League, specifically in the Championship, which is the second tier of the English football league system",INSUFFICIENT_EVIDENCE,1,0,0,1.0,0.08695652173913045,0.0,1→1→0→0,FAILS_AT_D3
5a79b7f6554299029c4b5f6f,How many restaurants comprise the quick service restaurant chain that Ron Joyce helped found?,"4,613","4,613",1,1.0,INSUFFICIENT_EVIDENCE,INSUFFICIENT_EVIDENCE,INSUFFICIENT_EVIDENCE,0,0,0,0.0,0.0,0.0,1→0→0→0,FAILS_AT_D1
5a8dad37554299068b959d94,Both Phaedranassa and Mitella are considered the classification of what level of species?,genus,Genus,1,1.0,Genus,Genus,Both Phaedranassa and Mitella are considered genera.,1,1,0,1.0,1.0,0.0,1→1→1→0,FAILS_AT_D5
5a7c99705542990527d554de,Which town is named after the developers of Monmouth Heights at Manalapan?,Levittown,Levittown,1,1.0,INSUFFICIENT_EVIDENCE,INSUFFICIENT_EVIDENCE,INSUFFICIENT_EVIDENCE,0,0,0,0.0,0.0,0.0,1→0→0→0,FAILS_AT_D1
5abce1fa5542993a06baf993,What nationality was the lover of Lord Alfred Douglas ? ,Irish,Irish,1,1.0,Irish,British,British,1,0,0,1.0,0.0,0.0,1→1→0→0,FAILS_AT_D3
5adfa6c7554299025d62a326,What is the birthday of the Earl of Merioneth?,10 June 1921,10 June 1921,1,1.0,INSUFFICIENT_EVIDENCE,INSUFFICIENT_EVIDENCE,INSUFFICIENT_EVIDENCE,0,0,0,0.0,0.0,0.0,1→0→0→0,FAILS_AT_D1
5a73b2fd55429978a71e907f,"Which American film director and actor famous for his role as Donny ""The Bear Jew"" Donowitz wrote the 2012 film ""The Man with the Iron Fists""?",Eli Roth,Eli Roth,1,1.0,Eli Roth,Eli Roth,INSUFFICIENT_EVIDENCE,1,1,0,1.0,1.0,0.0,1→1→1→0,FAILS_AT_D5
