counterfactual_type,COUNTERFACTUAL_FOLLOW,GOLD_FOLLOW,OTHER,total,CFR,GFR,OTHER_rate
NUMERIC,51,1,33,85,0.6,0.011764705882352941,0.38823529411764707
EXPLICIT_ALTERNATIVE,5,3,11,19,0.2631578947368421,0.15789473684210525,0.5789473684210527
CITY,13,0,2,15,0.8666666666666667,0.0,0.13333333333333333
LOCATION,11,0,3,14,0.7857142857142857,0.0,0.21428571428571427
PERSON_MUSICIAN,5,1,6,12,0.4166666666666667,0.08333333333333333,0.5
NATIONALITY,6,0,1,7,0.8571428571428571,0.0,0.14285714285714285
PERSON_ACTOR,2,0,5,7,0.2857142857142857,0.0,0.7142857142857143
PERSON_DIRECTOR,2,0,4,6,0.3333333333333333,0.0,0.6666666666666666
FILM,2,0,3,5,0.4,0.0,0.6
COMPANY,1,0,4,5,0.2,0.0,0.8
BAND,3,0,2,5,0.6,0.0,0.4
FOOTBALL_CLUB,2,0,3,5,0.4,0.0,0.6
PERSON_ATHLETE,3,1,1,5,0.6,0.2,0.2
PERSON_MILITARY,3,0,1,4,0.75,0.0,0.25
COUNTRY,3,0,1,4,0.75,0.0,0.25
PERSON_WRITER,2,0,1,3,0.6666666666666666,0.0,0.3333333333333333
AWARD,3,0,0,3,1.0,0.0,0.0
ALBUM,3,0,0,3,1.0,0.0,0.0
TV_SHOW,2,0,1,3,0.6666666666666666,0.0,0.3333333333333333
GENRE,2,0,0,2,1.0,0.0,0.0
SONG,2,0,0,2,1.0,0.0,0.0
REGION,2,0,0,2,1.0,0.0,0.0
UNIVERSITY,1,0,1,2,0.5,0.0,0.5
PERSON_POLITICIAN,1,0,1,2,0.5,0.0,0.5
BASEBALL_TEAM,1,0,1,2,0.5,0.0,0.5
AIRLINE,0,0,1,1,0.0,0.0,1.0
BASKETBALL_TEAM,0,0,1,1,0.0,0.0,1.0
MOUNTAIN,1,0,0,1,1.0,0.0,0.0
LAKE,0,1,0,1,0.0,1.0,0.0
BOOK,1,0,0,1,1.0,0.0,0.0
COLLEGE_FOOTBALL_TEAM,1,0,0,1,1.0,0.0,0.0
PERSON_BUSINESS,1,0,0,1,1.0,0.0,0.0
PERSON_AVIATOR,1,0,0,1,1.0,0.0,0.0
VIDEO_GAME_COMPANY,1,0,0,1,1.0,0.0,0.0
WAR,1,0,0,1,1.0,0.0,0.0
