id,experiment,condition,question,gold_answer,model_answer,raw_model_output,model,dtype,quantized,do_sample,max_new_tokens,seed,counterfactual_answer,counterfactual_type,replacement_source,quality_tier,cf_class
5a879ba55542993e715abfc3,counterfactual,counterfactual,"Which director had the longest career, Alain Resnais or Scott Sidney?",Scott Sidney,INSUFFICIENT_EVIDENCE,INSUFFICIENT_EVIDENCE,Qwen/Qwen3.5-9B,bfloat16,False,False,32,42,Alain Resnais,PERSON_DIRECTOR,question_explicit_alternative,strict_semantic_type_final,OTHER
5a7a845755429941d65f2684,counterfactual,counterfactual,"Which film was released more recently, Make Mine Music or Old Dogs?",Old Dogs,INSUFFICIENT_EVIDENCE,INSUFFICIENT_EVIDENCE,Qwen/Qwen3.5-9B,bfloat16,False,False,32,42,Make Mine Music,FILM,question_explicit_alternative,strict_semantic_type_final,OTHER
5a8ae0ae55429950cd6afbc2,counterfactual,counterfactual,What airline was a monopoly with a hub at Sheremetyevo International Airport?,AeroflotRussian Airlines,Aeroflot,Aeroflot,Qwen/Qwen3.5-9B,bfloat16,False,False,32,42,Qantas,AIRLINE,strict_type_bank,strict_semantic_type_final,OTHER
5a8d7a8d55429941ae14dfc2,counterfactual,counterfactual,Which company does Timothy Oulton retail his products through that is based in Corte Madera?,Restoration Hardware,RH,RH,Qwen/Qwen3.5-9B,bfloat16,False,False,32,42,Panasonic,COMPANY,strict_type_bank,strict_semantic_type_final,OTHER
5ab9c292554299131ca423f5,counterfactual,counterfactual,"To which place was this Irish convict portrayed by Oscar Redding in ""Van Diemen's Land"" transported for theft?",Van Diemen's Land,INSUFFICIENT_EVIDENCE,INSUFFICIENT_EVIDENCE,Qwen/Qwen3.5-9B,bfloat16,False,False,32,42,"Oslo, Norway",LOCATION,strict_type_bank,strict_semantic_type_final,OTHER
5ae5cf1b554299546bf82f7a,counterfactual,counterfactual,What is the population of the city which  Deryl Dedmon came from ,"21,705 at the 2010 census","23,875","23,875",Qwen/Qwen3.5-9B,bfloat16,False,False,32,42,"23,875 at the 2010 census",NUMERIC,numeric_transform_question_aware,strict_semantic_type_final,OTHER
5a8bc29a5542995d1e6f1446,counterfactual,counterfactual,when was Quiet in Heaven/Song of Liberty recorded?,Before settling on their current name in 1982,INSUFFICIENT_EVIDENCE,INSUFFICIENT_EVIDENCE,Qwen/Qwen3.5-9B,bfloat16,False,False,32,42,Before settling on their current name in 1989,NUMERIC,numeric_transform_question_aware,strict_semantic_type_final,OTHER
5a88bb4a554299206df2b353,counterfactual,counterfactual,"Which formed first, Fireflight or Dirty Three?",Dirty Three,INSUFFICIENT_EVIDENCE,INSUFFICIENT_EVIDENCE,Qwen/Qwen3.5-9B,bfloat16,False,False,32,42,Fireflight,EXPLICIT_ALTERNATIVE,question_explicit_alternative,strict_semantic_type_final,OTHER
5ab89cc25542991b5579efc3,counterfactual,counterfactual,"Darryl Kubian's ""O for a Muse of Fire"" is based upon the events surrounding which historical battle? ",Battle of Agincourt (1415),Battle of Agincourt,Battle of Agincourt,Qwen/Qwen3.5-9B,bfloat16,False,False,32,42,Battle of Agincourt (1422),NUMERIC,numeric_transform_question_aware,strict_semantic_type_final,OTHER
5a78ad26554299148911f913,counterfactual,counterfactual,"Aleksandr Dugin, the father of fascism, came to prominence during which era in Russia?",20th-century,INSUFFICIENT_EVIDENCE,INSUFFICIENT_EVIDENCE,Qwen/Qwen3.5-9B,bfloat16,False,False,32,42,21st-century,NUMERIC,numeric_transform_question_aware,strict_semantic_type_final,OTHER
5ac240ef55429951e9e684ef,counterfactual,counterfactual,"What year was a joint venture between RLJ Companies and this film studio founded in 2005, founded?",2006,2005,2005,Qwen/Qwen3.5-9B,bfloat16,False,False,32,42,2013,NUMERIC,numeric_transform_question_aware,strict_semantic_type_final,OTHER
5ab7c6995542993667794005,counterfactual,counterfactual,"Before composing music for the game which contains Chocobos and Moogles, what cover band was he involved in?",Bothtec,cover band,cover band,Qwen/Qwen3.5-9B,bfloat16,False,False,32,42,Green Day,BAND,strict_type_bank,strict_semantic_type_final,OTHER
5abff0785542997d64295957,counterfactual,counterfactual," Heaven starred what Australian actress who portrayed Katharine Hepburn in the 2004 film ""The Aviator?""",Catherine Elise Blanchett,Cate Blanchett,Cate Blanchett,Qwen/Qwen3.5-9B,bfloat16,False,False,32,42,Denzel Washington,PERSON_ACTOR,strict_type_bank,strict_semantic_type_final,OTHER
5a88a5645542997e5c09a679,counterfactual,counterfactual,"Which was published first, Take It Easy or Personal Preference?",Take It Easy,INSUFFICIENT_EVIDENCE,INSUFFICIENT_EVIDENCE,Qwen/Qwen3.5-9B,bfloat16,False,False,32,42,Personal Preference,EXPLICIT_ALTERNATIVE,question_explicit_alternative,strict_semantic_type_final,OTHER
5ae5ff635542996de7b71ace,counterfactual,counterfactual,Chuck Berry House was where the 1957 hit single that reached what ranking on the R&B singles chart was composed?,number 8,Number 6,Number 6,Qwen/Qwen3.5-9B,bfloat16,False,False,32,42,number 9,NUMERIC,numeric_transform_question_aware,strict_semantic_type_final,OTHER
5ae4cb2f55429960a22e01e8,counterfactual,counterfactual,Which American popular music and country music singer recorded J. D. Souther song ,Linda Maria Ronstadt,Linda Ronstadt,Linda Ronstadt,Qwen/Qwen3.5-9B,bfloat16,False,False,32,42,Annie Lennox,PERSON_MUSICIAN,strict_type_bank,strict_semantic_type_final,OTHER
5a7a77425542995eb53be83e,counterfactual,counterfactual,"Who has released more solo albums, Nick Carter or Brady Seals?",Brady Seals,INSUFFICIENT_EVIDENCE,INSUFFICIENT_EVIDENCE,Qwen/Qwen3.5-9B,bfloat16,False,False,32,42,Nick Carter,EXPLICIT_ALTERNATIVE,question_explicit_alternative,strict_semantic_type_final,OTHER
5ade56ed5542997c77adee04,counterfactual,counterfactual,"Gérald Genta, a Swiss jewelllery designer, worked with what luxury Swiss watch manufacturer which was founded by American Watch,aker Florentine Ariosts Jones?",International Watch Co.,International Watch Company,International Watch Company,Qwen/Qwen3.5-9B,bfloat16,False,False,32,42,Sony Corporation,COMPANY,strict_type_bank,strict_semantic_type_final,OTHER
5ab5cdb85542997d4ad1f1e0,counterfactual,counterfactual,"""Take Me"" is a song recorded by which American singer, actor, and producer who was one of the most popular and influential musical artists of the 20th century?",Frank Sinatra,INSUFFICIENT_EVIDENCE,INSUFFICIENT_EVIDENCE,Qwen/Qwen3.5-9B,bfloat16,False,False,32,42,Annie Lennox,PERSON_MUSICIAN,strict_type_bank,strict_semantic_type_final,OTHER
5a886211554299206df2b24a,counterfactual,counterfactual,Were the films Tonka and 101 Dalmatians released in the same decade?,1958 Walt Disney Western adventure film,No,No,Qwen/Qwen3.5-9B,bfloat16,False,False,32,42,1965 Walt Disney Western adventure film,NUMERIC,numeric_transform_question_aware,strict_semantic_type_final,OTHER
5a78ed6855429970f5fffdd9,counterfactual,counterfactual,What is the population of the town that gets it's water supply from Canobie Lake?,"28,776 at the 2010 census","31,654","31,654",Qwen/Qwen3.5-9B,bfloat16,False,False,32,42,"31,654 at the 2010 census",NUMERIC,numeric_transform_question_aware,strict_semantic_type_final,OTHER
5ac313a0554299741d48a1b0,counterfactual,counterfactual,How many employees does the company that unveiled a deal to acquire IGATE have? ,"190,000 employees","almost 209,000","almost 209,000",Qwen/Qwen3.5-9B,bfloat16,False,False,32,42,"209,000 employees",NUMERIC,numeric_transform_question_aware,strict_semantic_type_final,OTHER
5ae56c875542990ba0bbb2a2,counterfactual,counterfactual,"How many albums does the duo who sang ""Yesterday Once More"" have? ",11 albums,12,12,Qwen/Qwen3.5-9B,bfloat16,False,False,32,42,12 albums,NUMERIC,numeric_transform_question_aware,strict_semantic_type_final,OTHER
5ac2d85e55429921a00ab06b,counterfactual,counterfactual,Where did the hijacked plane rammed by Heather Penney crash? ,Pennsylvania,INSUFFICIENT_EVIDENCE,INSUFFICIENT_EVIDENCE,Qwen/Qwen3.5-9B,bfloat16,False,False,32,42,"Boston, Massachusetts",LOCATION,strict_type_bank,strict_semantic_type_final,OTHER
5a7243915542990c210a4086,counterfactual,counterfactual,"Where is the University of North Carolina at Wilmington, population 112,067 located?","Wilmington, North Carolina",INSUFFICIENT_EVIDENCE,INSUFFICIENT_EVIDENCE,Qwen/Qwen3.5-9B,bfloat16,False,False,32,42,"Boston, Massachusetts",LOCATION,strict_type_bank,strict_semantic_type_final,OTHER
5ae038e955429942ec259c4d,counterfactual,counterfactual,"When was the Russian composer who composed ""Prisoner of the Caucasus"" born? ",[O.S. 6 January] 1835,18 January 1842,18 January 1842,Qwen/Qwen3.5-9B,bfloat16,False,False,32,42,[O.S. 6 January] 1842,NUMERIC,numeric_transform_question_aware,strict_semantic_type_final,OTHER
5a7730015542994aec3b7210,counterfactual,counterfactual,"Which TV series, written by the creators of Robocalypse, is set in Bikini Bottom?",SpongeBob SquarePants,INSUFFICIENT_EVIDENCE,INSUFFICIENT_EVIDENCE,Qwen/Qwen3.5-9B,bfloat16,False,False,32,42,Mad Men,TV_SHOW,strict_type_bank,strict_semantic_type_final,OTHER
5a7a6ee75542996c55b2ddac,counterfactual,counterfactual,"Who was born first, Krzysztof Zanussi or Thom Andersen?",Krzysztof Zanussi,INSUFFICIENT_EVIDENCE,INSUFFICIENT_EVIDENCE,Qwen/Qwen3.5-9B,bfloat16,False,False,32,42,Thom Andersen,EXPLICIT_ALTERNATIVE,question_explicit_alternative,strict_semantic_type_final,OTHER
5a903b7255429933b8a204ae,counterfactual,counterfactual,What Canadian filmmaker created a film about Bettie Page in 2005?,"Mary Harron (born January 12, 1953)",Mary Harron,Mary Harron,Qwen/Qwen3.5-9B,bfloat16,False,False,32,42,Mary Harron (born January 13 1953),NUMERIC,numeric_transform_question_aware,strict_semantic_type_final,OTHER
5a79332555429907847277e7,counterfactual,counterfactual,"Who died first, Bryce Courtenay or Juan Carlos Onetti?",Juan Carlos Onetti,INSUFFICIENT_EVIDENCE,INSUFFICIENT_EVIDENCE,Qwen/Qwen3.5-9B,bfloat16,False,False,32,42,Bryce Courtenay,EXPLICIT_ALTERNATIVE,question_explicit_alternative,strict_semantic_type_final,OTHER
5abd64cb55429933744ab7ad,counterfactual,counterfactual,Nevada's second busiest commercial airport was named after which career United States Army officer?,Jesse L. Reno,Jesse Lee Reno,Jesse Lee Reno,Qwen/Qwen3.5-9B,bfloat16,False,False,32,42,Georgy Zhukov,PERSON_MILITARY,strict_type_bank,strict_semantic_type_final,OTHER
5a8c2bb4554299240d9c20ac,counterfactual,counterfactual,What university in India hosts a literary festival which has had as a previous invitee the former Union Minister of Panchayati Raj?,Central University of India,Aligarh Muslim University,Aligarh Muslim University,Qwen/Qwen3.5-9B,bfloat16,False,False,32,42,University of Sydney,UNIVERSITY,strict_type_bank,strict_semantic_type_final,OTHER
5a7b1023554299042af8f6c2,counterfactual,counterfactual," Which movie did Disney produce first,  The Many Adventures of Winnie the Pooh or Ride a Wild Pony?",Ride a Wild Pony,INSUFFICIENT_EVIDENCE,INSUFFICIENT_EVIDENCE,Qwen/Qwen3.5-9B,bfloat16,False,False,32,42,Casablanca,FILM,strict_type_bank,strict_semantic_type_final,OTHER
5ab1d983554299340b52540a,counterfactual,counterfactual,"The attraction at universal studios that was based on ""The Tonight Show"" replaced an attraction that replaced an attraction based on what movie?",Ghostbusters Spooktacular,Twister,Twister,Qwen/Qwen3.5-9B,bfloat16,False,False,32,42,Moonlight,FILM,strict_type_bank,strict_semantic_type_final,OTHER
5ae0593855429945ae959333,counterfactual,counterfactual,Matthew Wright was selected with pick #33 in the AFL draft that took place during what date in 2009?,26 November,15 December,15 December,Qwen/Qwen3.5-9B,bfloat16,False,False,32,42,29 November,NUMERIC,numeric_transform_question_aware,strict_semantic_type_final,OTHER
5a8a6a2155429930ff3c0dd0,counterfactual,counterfactual,"Which tennis player is from a country closer to Canada, Ken Flach or Lucie Šafářová?",Kenneth Eliot Flach,Lucie Šafářová,Lucie Šafářová,Qwen/Qwen3.5-9B,bfloat16,False,False,32,42,Serena Williams,PERSON_ATHLETE,strict_type_bank,strict_semantic_type_final,OTHER
5ab8524f5542990e739ec8c4,counterfactual,counterfactual,"William Hodges visited a polar region as part of a voyage, the region is how big?",14 million km,The region covers some 20% of the Southern Hemisphere.,The region covers some 20% of the Southern Hemisphere.,Qwen/Qwen3.5-9B,bfloat16,False,False,32,42,15 million km,NUMERIC,numeric_transform_question_aware,strict_semantic_type_final,OTHER
5a846da0554299334474611e,counterfactual,counterfactual,"Which bird-themed team did the baseball player, who frequented the Red Cedar Inn and was also known as Dizzy Dean, play for?",St. Louis Cardinals,Chicago Cubs,Chicago Cubs,Qwen/Qwen3.5-9B,bfloat16,False,False,32,42,New York Yankees,BASEBALL_TEAM,strict_type_bank,strict_semantic_type_final,OTHER
5a7560585542992d0ec05f76,counterfactual,counterfactual,Arbie Orenstein is known as a scholar on the life of what composer internationally regarded as France's greatest living composer? ,Maurice Ravel,Ravel,Ravel,Qwen/Qwen3.5-9B,bfloat16,False,False,32,42,Prince,PERSON_MUSICIAN,strict_type_bank,strict_semantic_type_final,OTHER
5a80b322554299485f5986c8,counterfactual,counterfactual,"The twenty-first season of South Park was entitled ""White People Renovating Houses"" is which episode of the series overall?",278th episode,279,279,Qwen/Qwen3.5-9B,bfloat16,False,False,32,42,279th episode,NUMERIC,numeric_transform_question_aware,strict_semantic_type_final,OTHER
5a8f4c8d554299458435d5a3,counterfactual,counterfactual,Scott Parkin has been a vocal critic of Exxonmobil and another corporation that has operations in how many countries ?,more than 70 countries,77,77,Qwen/Qwen3.5-9B,bfloat16,False,False,32,42,more than 77 countries,NUMERIC,numeric_transform_question_aware,strict_semantic_type_final,OTHER
5ab2999a554299194fa9342f,counterfactual,counterfactual,Huell Howser provided the voice of Backson in Disney's what numbered animated film?,51st Disney animated feature film.,52,52,Qwen/Qwen3.5-9B,bfloat16,False,False,32,42,52nd Disney animated feature film.,NUMERIC,numeric_transform_question_aware,strict_semantic_type_final,OTHER
5a769b0d5542993569682c50,counterfactual,counterfactual,"Which documentary film was created first, The End of Suburbia or Super High Me?",The End of Suburbia,INSUFFICIENT_EVIDENCE,INSUFFICIENT_EVIDENCE,Qwen/Qwen3.5-9B,bfloat16,False,False,32,42,Super High Me,EXPLICIT_ALTERNATIVE,question_explicit_alternative,strict_semantic_type_final,OTHER
5ae4a75a55429913cc2044bc,counterfactual,counterfactual,"Which opera has more acts, Louise or Le roi malgré lui?",Louise,INSUFFICIENT_EVIDENCE,INSUFFICIENT_EVIDENCE,Qwen/Qwen3.5-9B,bfloat16,False,False,32,42,Le roi malgré lui,EXPLICIT_ALTERNATIVE,question_explicit_alternative,strict_semantic_type_final,OTHER
5aba77be55429955dce3ee44,counterfactual,counterfactual,How many degrees and minutes south of the equator are the bone fragments of the extinct Ascension night heron found?,7°56',INSUFFICIENT_EVIDENCE,INSUFFICIENT_EVIDENCE,Qwen/Qwen3.5-9B,bfloat16,False,False,32,42,8°56',NUMERIC,numeric_transform_question_aware,strict_semantic_type_final,OTHER
5add1d575542992c1e3a2540,counterfactual,counterfactual,What nationality was Oliver Reed's character in the film Royal Flash?,Prussian,German,German,Qwen/Qwen3.5-9B,bfloat16,False,False,32,42,Japanese,NATIONALITY,strict_type_bank,strict_semantic_type_final,OTHER
5a73024f5542991f9a20c5fc,counterfactual,counterfactual,what year was the cover artist of Multiverse: Exploring Poul Anderson's Worlds born ?,"September 13, 1960",1967,1967,Qwen/Qwen3.5-9B,bfloat16,False,False,32,42,"September 13, 1967",NUMERIC,numeric_transform_question_aware,strict_semantic_type_final,OTHER
5ac2cb09554299657fa29066,counterfactual,counterfactual,What team did Travis Cortez Mays play on which currently compete in the Big 12 Conference.?,Texas Longhorns men's basketball team,INSUFFICIENT_EVIDENCE,INSUFFICIENT_EVIDENCE,Qwen/Qwen3.5-9B,bfloat16,False,False,32,42,Boston Celtics,BASKETBALL_TEAM,strict_type_bank,strict_semantic_type_final,OTHER
5ae0d85d5542990adbacf67e,counterfactual,counterfactual,Which district includes the island in New York City's East River which Pete Grannis represented in the New York State Assembly?,represented District 65,District 71,District 71,Qwen/Qwen3.5-9B,bfloat16,False,False,32,42,represented District 71,NUMERIC,numeric_transform_question_aware,strict_semantic_type_final,OTHER
5abbe4c0554299642a094bc0,counterfactual,counterfactual,Rolls-Royce Welland's name is taken from this river that is low long,65 mi,River Welland,River Welland,Qwen/Qwen3.5-9B,bfloat16,False,False,32,42,71 mi,NUMERIC,numeric_transform_question_aware,strict_semantic_type_final,OTHER
5a70ff335542994082a3e49c,counterfactual,counterfactual,"Which Indian actress who earned filmfare award for Best female debut in ""Refugee"" acted in K3G movie?",Kareena Kapoor Khan,Kareena Kapoor,Kareena Kapoor,Qwen/Qwen3.5-9B,bfloat16,False,False,32,42,Gary Oldman,PERSON_ACTOR,strict_type_bank,strict_semantic_type_final,OTHER
5a773c5c55429966f1a36cbb,counterfactual,counterfactual,What Deepdale area football club did Andy Pilling play for?,Preston North End,INSUFFICIENT_EVIDENCE,INSUFFICIENT_EVIDENCE,Qwen/Qwen3.5-9B,bfloat16,False,False,32,42,FC Barcelona,FOOTBALL_CLUB,strict_type_bank,strict_semantic_type_final,OTHER
5ab4789e5542990594ba9c29,counterfactual,counterfactual,"Q: What 1965-born field director directed the 2002 Indian comedy horror film ""Makdee"" (""Spider"", in English)?",Vishal Bhardwaj,INSUFFICIENT_EVIDENCE,INSUFFICIENT_EVIDENCE,Qwen/Qwen3.5-9B,bfloat16,False,False,32,42,Steven Spielberg,PERSON_DIRECTOR,strict_type_bank,strict_semantic_type_final,OTHER
5a77c1d95542995d831812a6,counterfactual,counterfactual,The Bee Cliff in northeast Tennessee overlooks a river that is how many miles long?,78.5 mi long,86.5,86.5,Qwen/Qwen3.5-9B,bfloat16,False,False,32,42,86.5 mi long,NUMERIC,numeric_transform_question_aware,strict_semantic_type_final,OTHER
5ab2a308554299340b52553b,counterfactual,counterfactual,What is the nationality of the author of Fifty Shades Freed?,English,American,American,Qwen/Qwen3.5-9B,bfloat16,False,False,32,42,Toni Morrison,PERSON_WRITER,strict_type_bank,strict_semantic_type_final,OTHER
5a87954f5542996e4f308856,counterfactual,counterfactual,"Which genus has more species, Bactris and Epigaea?",Bactris,INSUFFICIENT_EVIDENCE,INSUFFICIENT_EVIDENCE,Qwen/Qwen3.5-9B,bfloat16,False,False,32,42,Epigaea,EXPLICIT_ALTERNATIVE,question_explicit_alternative,strict_semantic_type_final,OTHER
5ae083e855429924de1b70fb,counterfactual,counterfactual,"By how many points did Dion Lewis' team trail by, in the third quarter, of the Super Bowl that they won ? ",25 points,27,27,Qwen/Qwen3.5-9B,bfloat16,False,False,32,42,27 points,NUMERIC,numeric_transform_question_aware,strict_semantic_type_final,OTHER
5adf73a45542992d7e9f9378,counterfactual,counterfactual,Philip Despencer's brother was a favorite of which king who was deposed in January of 1327?,King Edward II,Edward II,Edward II,Qwen/Qwen3.5-9B,bfloat16,False,False,32,42,Angela Merkel,PERSON_POLITICIAN,strict_type_bank,strict_semantic_type_final,OTHER
5ae5caff554299546bf82f69,counterfactual,counterfactual,The Russian route M9 forms a part of what European route that has a length of about 5320 km?,European route E 22,European route E22,European route E22,Qwen/Qwen3.5-9B,bfloat16,False,False,32,42,European route E 24,NUMERIC,numeric_transform_question_aware,strict_semantic_type_final,OTHER
5ae2a9c6554299492dc91c42,counterfactual,counterfactual,Which New Jersey-based manufacturer of suitcases and bags for travel is located in the Shops at Columbus Circle in New York City?,"Tumi Holdings, Inc.",Tumi,Tumi,Qwen/Qwen3.5-9B,bfloat16,False,False,32,42,Unilever,COMPANY,strict_type_bank,strict_semantic_type_final,OTHER
5a7199725542994082a3e88f,counterfactual,counterfactual,"Which publication still relies on paper printing, Human Events or Texas Highways? ",Texas Highways,INSUFFICIENT_EVIDENCE,INSUFFICIENT_EVIDENCE,Qwen/Qwen3.5-9B,bfloat16,False,False,32,42,Human Events,EXPLICIT_ALTERNATIVE,question_explicit_alternative,strict_semantic_type_final,OTHER
5a74872655429979e2882978,counterfactual,counterfactual,"What singer song writer born on December 13, 1989 wears jewelry from Porter Lyons?",Taylor Swift,INSUFFICIENT_EVIDENCE,INSUFFICIENT_EVIDENCE,Qwen/Qwen3.5-9B,bfloat16,False,False,32,42,Annie Lennox,PERSON_MUSICIAN,strict_type_bank,strict_semantic_type_final,OTHER
5a8740ee5542994846c1cd35,counterfactual,counterfactual,Which KaBoom! Entertainment Inc. film is based on a story by Rudyard Kipling?,The Jungle Book (1894),The Jungle Book,The Jungle Book,Qwen/Qwen3.5-9B,bfloat16,False,False,32,42,The Jungle Book (1901),NUMERIC,numeric_transform_question_aware,strict_semantic_type_final,OTHER
5adcf3e35542994ed6169c3a,counterfactual,counterfactual,Dean Mills Reservoir is on the slopes of the hill located in what town?,Rivington Moor,Bolton,Bolton,Qwen/Qwen3.5-9B,bfloat16,False,False,32,42,Lisbon,CITY,strict_type_bank,strict_semantic_type_final,OTHER
5ab90db455429916710eb0f2,counterfactual,counterfactual,"Alex Jesaulenko, former Australian rules footballer and coach won the award The Goal of the Year. In what year did he win that award?",2001,INSUFFICIENT_EVIDENCE,INSUFFICIENT_EVIDENCE,Qwen/Qwen3.5-9B,bfloat16,False,False,32,42,2008,NUMERIC,numeric_transform_question_aware,strict_semantic_type_final,OTHER
5ab97a315542996be2020517,counterfactual,counterfactual,Which actor that has performed as Inspector Javert in a Les Misérables production Has won the Laurence Olivier Award for Best Actor in a musical three times?,Philip Quast,INSUFFICIENT_EVIDENCE,INSUFFICIENT_EVIDENCE,Qwen/Qwen3.5-9B,bfloat16,False,False,32,42,Denzel Washington,PERSON_ACTOR,strict_type_bank,strict_semantic_type_final,OTHER
5ae2c2c05542996483e64a4a,counterfactual,counterfactual,How many member universities are there in this conference of which the Connecticut Huskies baseball team is a competing member?,12 member universities,13,13,Qwen/Qwen3.5-9B,bfloat16,False,False,32,42,13 member universities,NUMERIC,numeric_transform_question_aware,strict_semantic_type_final,OTHER
5a76641e5542992d0ec060d8,counterfactual,counterfactual,What American actress who died in 2011 starred in Fear Stalk?,Sada Thompson,INSUFFICIENT_EVIDENCE,INSUFFICIENT_EVIDENCE,Qwen/Qwen3.5-9B,bfloat16,False,False,32,42,Denzel Washington,PERSON_ACTOR,strict_type_bank,strict_semantic_type_final,OTHER
5ab53ad6554299488d4d9917,counterfactual,counterfactual,"The Ameican Jazz saxophonist nicked named the ""Hawk"", once played with what musician who died in 2009 and once played with Johnny Carson during Carson's residency?",Shep Meyers,INSUFFICIENT_EVIDENCE,INSUFFICIENT_EVIDENCE,Qwen/Qwen3.5-9B,bfloat16,False,False,32,42,Annie Lennox,PERSON_MUSICIAN,strict_type_bank,strict_semantic_type_final,OTHER
5ae4585c5542996836b02c89,counterfactual,counterfactual,Which band has more members Band of Skulls or Live ?,Live,INSUFFICIENT_EVIDENCE,INSUFFICIENT_EVIDENCE,Qwen/Qwen3.5-9B,bfloat16,False,False,32,42,Green Day,BAND,strict_type_bank,strict_semantic_type_final,OTHER
5a7c6b86554299683c1c62ff,counterfactual,counterfactual,"Who is older, Hampton Del Ruth or Ted Kotcheff?",Hampton Del Ruth,INSUFFICIENT_EVIDENCE,INSUFFICIENT_EVIDENCE,Qwen/Qwen3.5-9B,bfloat16,False,False,32,42,Ted Kotcheff,EXPLICIT_ALTERNATIVE,question_explicit_alternative,strict_semantic_type_final,OTHER
5abcd44655429959677d6af1,counterfactual,counterfactual,What is the population of the county Rockingham County which Little Bay Bridge meet the river between it,The population was 753,INSUFFICIENT_EVIDENCE,INSUFFICIENT_EVIDENCE,Qwen/Qwen3.5-9B,bfloat16,False,False,32,42,The population was 828,NUMERIC,numeric_transform_question_aware,strict_semantic_type_final,OTHER
5ae206c45542994d89d5b311,counterfactual,counterfactual,"Through which Tv series, one of the stars of Whats up korean film Kim Ji-won gained attention?","""The Heirs"" (2013)",The Heirs,The Heirs,Qwen/Qwen3.5-9B,bfloat16,False,False,32,42,"""The Heirs"" (2020)",NUMERIC,numeric_transform_question_aware,strict_semantic_type_final,OTHER
5ac23ff0554299636651994d,counterfactual,counterfactual,"When was Poison's album ""Shut Up, Make Love"" released?",2000,INSUFFICIENT_EVIDENCE,INSUFFICIENT_EVIDENCE,Qwen/Qwen3.5-9B,bfloat16,False,False,32,42,2007,NUMERIC,numeric_transform_question_aware,strict_semantic_type_final,OTHER
5ae3e59a5542994393b9e79e,counterfactual,counterfactual,Bride of the Regiment was later remade into a 1948 film starring the actress and pin-up girl who was the highest-salaried American woman in which two years?,1946 and 1947,1941 and 1947,1941 and 1947,Qwen/Qwen3.5-9B,bfloat16,False,False,32,42,2141 and 1947,NUMERIC,numeric_transform_question_aware,strict_semantic_type_final,OTHER
5a80de9b55429938b6142226,counterfactual,counterfactual, The Astor Bridge carries State Road 40 over a river that his how long?,310 mi long,341 mi,341 mi,Qwen/Qwen3.5-9B,bfloat16,False,False,32,42,341 mi long,NUMERIC,numeric_transform_question_aware,strict_semantic_type_final,OTHER
5ae1c214554299234fd042ed,counterfactual,counterfactual,Which  Australian singer-songwriter wrote  Cold Hard Bitch,"Nicholas John ""Nic"" Cester",Nic Cester,Nic Cester,Qwen/Qwen3.5-9B,bfloat16,False,False,32,42,David Bowie,PERSON_MUSICIAN,strict_type_bank,strict_semantic_type_final,OTHER
5ab868e755429919ba4e22e3,counterfactual,counterfactual,"Which company has more divisions within it, WPX Energy or Hewlett Packard Enterprise?",Hewlett Packard Enterprise Company,Hewlett Packard Enterprise,Hewlett Packard Enterprise,Qwen/Qwen3.5-9B,bfloat16,False,False,32,42,Panasonic,COMPANY,strict_type_bank,strict_semantic_type_final,OTHER
5ae1e2765542997f29b3c162,counterfactual,counterfactual,Evan Williams played for what professional football club that was originally known as St. Luke's FC?,Wolverhampton Wanderers Football Club,Wolverhampton Wanderers F.C.,Wolverhampton Wanderers F.C.,Qwen/Qwen3.5-9B,bfloat16,False,False,32,42,A.C. Milan,FOOTBALL_CLUB,strict_type_bank,strict_semantic_type_final,OTHER
5a7c99705542990527d554de,counterfactual,counterfactual,Which town is named after the developers of Monmouth Heights at Manalapan?,Levittown,INSUFFICIENT_EVIDENCE,INSUFFICIENT_EVIDENCE,Qwen/Qwen3.5-9B,bfloat16,False,False,32,42,Lisbon,CITY,strict_type_bank,strict_semantic_type_final,OTHER
5ab9b7d555429970cfb8eb7a,counterfactual,counterfactual,Which actor from the South Korean-Thai drama film Final Recipe debuted as a member of Super Junior-M in 2008?,Henry Lau,INSUFFICIENT_EVIDENCE,INSUFFICIENT_EVIDENCE,Qwen/Qwen3.5-9B,bfloat16,False,False,32,42,Meryl Streep,PERSON_ACTOR,strict_type_bank,strict_semantic_type_final,OTHER
5ab85d6c55429919ba4e22cb,counterfactual,counterfactual,What is another movie the director of Marvel Cinematic Universe's fifteenth film is known for?,"""Nanny McPhee""",The Legend of Tarzan,The Legend of Tarzan,Qwen/Qwen3.5-9B,bfloat16,False,False,32,42,Steven Spielberg,PERSON_DIRECTOR,strict_type_bank,strict_semantic_type_final,OTHER
5a812d0555429938b61422e1,counterfactual,counterfactual,"Which breed of dog came first, the Norrbottenspets or the Blue Lacy?",Norrbottenspets,INSUFFICIENT_EVIDENCE,INSUFFICIENT_EVIDENCE,Qwen/Qwen3.5-9B,bfloat16,False,False,32,42,the Blue Lacy,EXPLICIT_ALTERNATIVE,question_explicit_alternative,strict_semantic_type_final,OTHER
5adc9b7a5542994d58a2f679,counterfactual,counterfactual,Shani Gandi has worked with Kelsea Ballerini in what country?,American,United States,United States,Qwen/Qwen3.5-9B,bfloat16,False,False,32,42,Portugal,COUNTRY,strict_type_bank,strict_semantic_type_final,OTHER
5a73b2fd55429978a71e907f,counterfactual,counterfactual,"Which American film director and actor famous for his role as Donny ""The Bear Jew"" Donowitz wrote the 2012 film ""The Man with the Iron Fists""?",Eli Roth,Eli Raphael Roth,Eli Raphael Roth,Qwen/Qwen3.5-9B,bfloat16,False,False,32,42,Ridley Scott,PERSON_DIRECTOR,strict_type_bank,strict_semantic_type_final,OTHER
5ac531ea5542994611c8b419,counterfactual,counterfactual,What team was formed in 1996 that starred players like Robert Parish?,50 Greatest Players in National Basketball Association History,INSUFFICIENT_EVIDENCE,INSUFFICIENT_EVIDENCE,Qwen/Qwen3.5-9B,bfloat16,False,False,32,42,55 Greatest Players in National Basketball Association History,NUMERIC,numeric_transform_question_aware,strict_semantic_type_final,OTHER
5a713a5a5542994082a3e6a9,counterfactual,counterfactual,What football club plays in the area between the old tool gates: Brook Bar and Trafford bar?,Manchester United,INSUFFICIENT_EVIDENCE,INSUFFICIENT_EVIDENCE,Qwen/Qwen3.5-9B,bfloat16,False,False,32,42,Arsenal F.C.,FOOTBALL_CLUB,strict_type_bank,strict_semantic_type_final,OTHER
